x,y,z
-0.047,-0.008,1.000
-0.046,-0.007,1.000
-0.047,-0.008,1.000
-0.047,-0.008,1.000
-0.047,-0.008,1.000
-0.047,-0.008,1.000
-0.048,-0.007,1.000
-0.048,-0.008,1.000
-0.048,-0.008,1.000
-0.047,-0.007,1.000
-0.048,-0.008,1.000
-0.047,-0.008,1.001
-0.048,-0.008,1.000
-0.047,-0.008,1.001
-0.047,-0.007,1.000
-0.047,-0.009,1.000
-0.047,-0.008,1.001
-0.047,-0.008,1.000
-0.047,-0.008,1.001
-0.048,-0.007,1.000
-0.048,-0.008,1.000
-0.047,-0.008,1.000
-0.047,-0.008,1.000
-0.048,-0.008,1.000
-0.046,-0.008,0.999
-0.048,-0.009,1.000
-0.047,-0.008,1.000
-0.047,-0.008,1.000
-0.048,-0.008,1.000
-0.048,-0.008,1.000
-0.047,-0.007,1.001
-0.047,-0.008,1.000
-0.047,-0.009,1.000
-0.047,-0.008,1.000
-0.047,-0.009,1.000
-0.047,-0.008,1.000
-0.047,-0.009,1.000
-0.047,-0.007,1.001
-0.047,-0.008,1.000
-0.047,-0.007,1.000
-0.048,-0.008,1.000
-0.047,-0.008,1.000
-0.048,-0.008,1.000
-0.047,-0.009,1.000
-0.047,-0.009,1.000
-0.047,-0.008,1.000
-0.048,-0.009,1.000
-0.047,-0.006,1.000
-0.047,-0.009,0.999
-0.047,-0.008,1.000
-0.047,-0.007,1.000
-0.048,-0.009,1.000
-0.048,-0.007,1.000
-0.047,-0.008,1.000
-0.048,-0.006,1.001
-0.047,-0.008,1.000
-0.048,-0.008,1.000
-0.049,-0.007,1.000
-0.049,-0.007,1.000
-0.049,-0.008,1.000
-0.049,-0.006,0.999
-0.049,-0.008,1.000
-0.049,-0.006,1.000
-0.048,-0.008,1.000
-0.048,-0.007,1.000
-0.048,-0.008,1.000
-0.049,-0.007,1.000
-0.048,-0.007,1.000
-0.049,-0.007,1.000
-0.049,-0.008,1.000
-0.048,-0.007,1.000
-0.047,-0.008,1.000
-0.049,-0.007,1.000
-0.048,-0.008,1.000
-0.048,-0.008,1.000
-0.048,-0.007,1.000
-0.048,-0.008,1.000
-0.047,-0.007,1.000
-0.048,-0.007,1.000
-0.048,-0.009,1.000
-0.048,-0.007,1.000
-0.049,-0.007,1.000
-0.047,-0.007,1.000
-0.048,-0.008,1.000
-0.047,-0.008,1.000
-0.048,-0.007,1.000
-0.049,-0.007,1.000
-0.048,-0.008,1.000
-0.048,-0.007,1.000
-0.048,-0.008,1.000
-0.047,-0.007,1.000
-0.048,-0.007,1.000
-0.048,-0.008,1.000
-0.048,-0.007,1.000
-0.049,-0.008,0.999
-0.048,-0.007,0.999
-0.048,-0.008,1.000
-0.049,-0.007,1.000
-0.048,-0.008,1.000
-0.049,-0.007,1.000
-0.047,-0.008,1.000
-0.048,-0.007,1.000
-0.048,-0.008,1.000
-0.047,-0.008,1.000
-0.048,-0.008,1.000
-0.049,-0.007,0.999
-0.048,-0.007,1.000
-0.049,-0.008,0.999
-0.048,-0.007,1.000
-0.048,-0.007,0.999
-0.048,-0.008,0.999
-0.048,-0.007,1.000
-0.049,-0.007,1.000
-0.049,-0.007,0.999
-0.049,-0.007,0.999
-0.048,-0.007,1.000
-0.050,-0.008,0.998
-0.049,-0.007,1.000
-0.049,-0.007,0.998
-0.049,-0.007,0.999
-0.048,-0.008,0.998
-0.049,-0.007,1.000
-0.048,-0.008,0.999
-0.048,-0.007,1.000
-0.050,-0.007,0.999
-0.049,-0.007,1.000
-0.049,-0.007,0.999
-0.048,-0.008,0.999
-0.049,-0.008,1.000
-0.048,-0.007,1.000
-0.048,-0.009,1.000
-0.049,-0.007,1.000
-0.049,-0.007,1.000
-0.049,-0.007,1.000
-0.048,-0.007,1.000
-0.049,-0.007,1.000
-0.049,-0.007,0.998
-0.048,-0.008,0.998
-0.049,-0.007,1.000
-0.048,-0.008,0.999
-0.048,-0.007,0.999
-0.049,-0.008,0.999
-0.048,-0.007,1.000
-0.048,-0.007,0.999
-0.049,-0.007,1.000
-0.048,-0.006,1.000
-0.048,-0.008,1.000
-0.047,-0.008,1.000
-0.048,-0.007,1.000
-0.049,-0.007,1.000
-0.048,-0.007,1.000
-0.049,-0.008,0.999
-0.048,-0.007,1.000
-0.050,-0.007,0.999
-0.049,-0.007,0.998
-0.048,-0.007,1.000
-0.047,-0.007,1.000
-0.048,-0.008,0.999
-0.049,-0.008,1.000
-0.048,-0.007,1.000
-0.048,-0.008,1.000
-0.048,-0.007,1.000
-0.049,-0.007,1.000
-0.048,-0.008,0.999
-0.049,-0.007,0.999
-0.048,-0.007,0.998
-0.049,-0.007,1.000
-0.048,-0.006,1.000
-0.049,-0.008,1.000
-0.049,-0.007,1.000
-0.048,-0.008,1.000
-0.049,-0.007,0.999
-0.049,-0.007,0.999
-0.049,-0.008,0.998
-0.049,-0.007,1.000
-0.048,-0.007,0.999
-0.049,-0.007,0.999
-0.048,-0.007,1.000
-0.048,-0.008,0.998
-0.049,-0.008,1.000
-0.048,-0.008,1.000
-0.049,-0.008,0.999
-0.049,-0.008,0.999
-0.049,-0.008,0.999
-0.060,0.010,-1.005
-0.059,0.011,-1.007
-0.060,0.011,-1.003
-0.060,0.010,-1.005
-0.059,0.010,-1.004
-0.060,0.011,-1.005
-0.059,0.011,-1.006
-0.061,0.010,-1.004
-0.060,0.011,-1.004
-0.060,0.011,-1.004
-0.060,0.010,-1.007
-0.060,0.011,-1.004
-0.059,0.010,-1.005
-0.060,0.011,-1.005
-0.061,0.011,-1.005
-0.060,0.010,-1.004
-0.059,0.012,-1.006
-0.061,0.010,-1.005
-0.062,0.013,-1.004
-0.059,0.010,-1.005
-0.061,0.011,-1.006
-0.060,0.011,-1.005
-0.060,0.012,-1.005
-0.060,0.012,-1.005
-0.060,0.011,-1.006
-0.060,0.010,-1.005
-0.059,0.012,-1.006
-0.059,0.011,-1.005
-0.060,0.011,-1.003
-0.060,0.011,-1.006
-0.060,0.011,-1.005
-0.060,0.011,-1.004
-0.060,0.011,-1.005
-0.060,0.011,-1.005
-0.060,0.011,-1.005
-0.061,0.011,-1.004
-0.060,0.011,-1.007
-0.061,0.012,-1.004
-0.060,0.011,-1.005
-0.060,0.010,-1.006
-0.060,0.013,-1.008
-0.059,0.010,-1.005
-0.059,0.013,-1.005
-0.060,0.011,-1.005
-0.060,0.011,-1.007
-0.059,0.013,-1.007
-0.060,0.011,-1.005
-0.059,0.011,-1.006
-0.060,0.010,-1.004
-0.059,0.013,-1.005
-0.058,0.011,-1.005
-0.060,0.010,-1.005
-0.059,0.012,-1.006
-0.059,0.011,-1.008
-0.059,0.011,-1.006
-0.059,0.012,-1.006
-0.059,0.011,-1.005
-0.059,0.012,-1.006
-0.060,0.010,-1.006
-0.060,0.012,-1.005
-0.059,0.011,-1.005
-0.060,0.012,-1.004
-0.059,0.012,-1.006
-0.060,0.012,-1.005
-0.059,0.012,-1.008
-0.060,0.011,-1.004
-0.061,0.011,-1.005
-0.061,0.012,-1.005
-0.059,0.011,-1.004
-0.060,0.012,-1.006
-0.060,0.011,-1.007
-0.060,0.011,-1.005
-0.059,0.011,-1.007
-0.061,0.011,-1.004
-0.060,0.012,-1.009
-0.061,0.010,-1.004
-0.061,0.012,-1.006
-0.060,0.012,-1.005
-0.060,0.012,-1.007
-0.061,0.012,-1.005
-0.061,0.011,-1.004
-0.061,0.012,-1.006
-0.060,0.011,-1.006
-0.061,0.012,-1.004
-0.060,0.011,-1.006
-0.061,0.011,-1.005
-0.061,0.011,-1.005
-0.060,0.012,-1.006
-0.060,0.011,-1.004
-0.060,0.011,-1.007
-0.061,0.011,-1.005
-0.060,0.011,-1.005
-0.062,0.011,-1.005
-0.063,0.012,-1.004
-0.062,0.012,-1.006
-0.062,0.010,-1.005
-0.061,0.012,-1.008
-0.062,0.010,-1.005
-0.063,0.012,-1.004
-0.062,0.012,-1.006
-0.063,0.010,-1.004
-0.062,0.012,-1.009
-0.062,0.011,-1.006
-0.063,0.011,-1.005
-0.063,0.011,-1.004
-0.063,0.012,-1.006
-0.063,0.012,-1.005
-0.063,0.011,-1.004
-0.065,0.012,-1.006
-0.064,0.010,-1.005
-0.065,0.011,-1.005
-0.064,0.011,-1.005
-0.065,0.010,-1.004
-0.064,0.012,-1.005
-0.065,0.011,-1.004
-0.064,0.012,-1.005
-0.063,0.012,-1.006
-0.064,0.011,-1.005
-0.064,0.011,-1.005
-0.064,0.010,-1.005
-0.065,0.011,-1.005
-0.064,0.010,-1.005
-0.064,0.012,-1.006
-0.065,0.011,-1.005
-0.065,0.010,-1.005
-0.064,0.011,-1.008
-0.065,0.011,-1.005
-0.065,0.012,-1.005
-0.065,0.012,-1.005
-0.064,0.010,-1.005
-0.065,0.012,-1.007
-0.065,0.010,-1.005
-0.064,0.011,-1.009
-0.065,0.010,-1.006
-0.066,0.011,-1.005
-0.065,0.011,-1.005
-0.065,0.010,-1.006
-0.066,0.012,-1.003
-0.065,0.010,-1.004
-0.066,0.011,-1.005
-0.064,0.013,-1.005
-0.066,0.011,-1.005
-0.066,0.011,-1.006
-0.064,0.010,-1.007
-0.064,0.012,-1.005
-0.065,0.010,-1.006
-0.065,0.012,-1.005
-0.065,0.011,-1.005
-0.066,0.010,-1.004
-0.066,0.011,-1.004
-0.065,0.010,-1.004
-0.066,0.011,-1.007
-0.065,0.010,-1.005
-0.067,0.010,-1.004
-0.064,0.012,-1.007
-0.065,0.009,-1.002
-0.065,0.011,-1.009
-0.067,0.009,-1.002
-0.066,0.010,-1.006
-0.066,0.009,-1.004
-0.066,0.011,-1.005
-0.067,0.010,-1.002
-0.066,0.009,-1.007
-0.067,0.011,-1.004
-0.066,0.010,-1.005
-0.067,0.011,-1.004
-0.067,0.011,-1.007
-0.066,0.010,-1.006
-0.068,0.010,-1.005
-0.067,0.009,-1.007
-0.068,0.011,-1.002
-0.067,0.011,-1.005
-0.067,0.010,-1.005
-0.068,0.011,-1.003
-0.067,0.010,-1.006
-0.068,0.011,-1.004
-0.068,0.009,-1.005
-0.069,0.010,-1.002
-0.066,0.010,-1.008
-0.067,0.011,-1.003
-0.066,0.011,-1.007
-0.068,0.010,-1.006
-0.066,0.011,-1.005
-0.068,0.009,-1.003
-0.067,0.011,-1.005
-0.070,0.009,-0.995
-0.067,0.010,-0.998
-0.069,0.011,-0.993
-0.062,0.011,-1.020
-0.067,0.012,-0.994
-0.064,0.011,-1.006
-0.066,0.011,-0.999
-0.066,0.010,-1.007
-0.068,0.011,-0.996
-0.064,0.011,-1.006
-0.068,0.010,-0.999
-0.068,0.011,-1.002
-0.066,0.007,-1.006
-0.067,0.009,-1.001
-0.013,0.993,0.006
-0.011,0.995,0.004
-0.011,0.993,0.000
-0.014,0.991,0.002
-0.010,0.995,0.006
-0.010,0.995,0.006
-0.013,0.992,0.002
-0.012,0.993,0.000
-0.013,0.994,0.003
-0.012,0.997,0.007
-0.012,0.997,0.006
-0.013,0.996,0.005
-0.014,0.996,0.002
-0.014,0.996,0.008
-0.014,0.996,0.004
-0.013,0.995,-0.001
-0.010,0.993,0.009
-0.011,0.992,0.008
-0.013,0.992,0.007
-0.012,0.991,0.000
-0.011,0.991,0.000
-0.011,0.992,0.002
-0.011,0.992,0.005
-0.011,0.991,0.003
-0.010,0.992,0.001
-0.012,0.992,0.004
-0.011,0.992,0.004
-0.011,0.993,0.001
-0.011,0.991,0.001
-0.012,0.991,0.001
-0.011,0.993,0.003
-0.010,0.991,0.003
-0.012,0.992,0.002
-0.011,0.992,0.001
-0.012,0.994,0.000
-0.012,0.992,0.000
-0.012,0.991,0.001
-0.012,0.993,0.001
-0.012,0.992,0.001
-0.013,0.992,0.001
-0.013,0.992,0.000
-0.011,0.993,0.001
-0.012,0.994,0.000
-0.014,0.993,0.000
-0.012,0.994,0.001
-0.012,0.994,0.001
-0.013,0.994,0.000
-0.014,0.993,-0.003
-0.014,0.995,0.000
-0.016,0.996,-0.001
-0.016,0.996,-0.006
-0.017,0.999,-0.002
-0.019,0.997,-0.004
-0.019,0.997,-0.007
-0.019,0.997,-0.004
-0.019,0.999,-0.006
-0.019,0.997,-0.006
-0.018,0.997,-0.005
-0.019,0.997,-0.007
-0.018,0.997,-0.006
-0.019,0.999,-0.007
-0.018,0.995,-0.007
-0.020,0.999,-0.004
-0.018,0.998,-0.009
-0.018,0.997,-0.005
-0.019,1.000,-0.007
-0.018,0.997,-0.007
-0.019,0.998,-0.005
-0.019,0.998,-0.008
-0.020,0.998,-0.004
-0.019,0.998,-0.006
-0.020,0.997,-0.007
-0.018,0.998,-0.008
-0.020,0.998,-0.006
-0.020,0.999,-0.006
-0.020,0.997,-0.008
-0.019,0.997,-0.006
-0.020,0.997,-0.008
-0.019,0.998,-0.007
-0.019,0.998,-0.006
-0.019,0.997,-0.006
-0.018,0.997,-0.006
-0.018,0.997,-0.007
-0.020,0.997,-0.007
-0.019,0.998,-0.006
-0.019,0.998,-0.006
-0.019,0.998,-0.007
-0.019,0.997,-0.007
-0.019,0.997,-0.005
-0.018,1.000,-0.007
-0.019,0.998,-0.006
-0.019,0.998,-0.006
-0.020,0.998,-0.006
-0.019,0.997,-0.007
-0.019,0.997,-0.005
-0.020,0.999,-0.006
-0.020,0.997,-0.006
-0.019,0.997,-0.005
-0.019,0.997,-0.008
-0.019,0.997,-0.006
-0.019,0.997,-0.007
-0.019,0.998,-0.006
-0.019,0.998,-0.006
-0.019,0.998,-0.006
-0.019,0.997,-0.006
-0.020,0.998,-0.006
-0.020,0.996,-0.007
-0.019,0.998,-0.006
-0.019,0.998,-0.007
-0.018,0.998,-0.006
-0.018,0.997,-0.007
-0.018,0.998,-0.006
-0.018,0.997,-0.006
-0.020,0.996,-0.006
-0.019,0.998,-0.006
-0.019,0.998,-0.008
-0.020,0.998,-0.006
-0.018,0.997,-0.006
-0.019,0.997,-0.006
-0.018,0.999,-0.007
-0.019,0.998,-0.006
-0.019,0.997,-0.006
-0.019,0.997,-0.006
-0.018,0.998,-0.007
-0.019,0.997,-0.006
-0.019,0.997,-0.007
-0.019,0.999,-0.005
-0.020,0.997,-0.008
-0.018,0.998,-0.006
-0.019,0.998,-0.007
-0.019,0.998,-0.006
-0.019,0.997,-0.007
-0.019,0.997,-0.007
-0.019,0.997,-0.006
-0.019,0.997,-0.007
-0.018,0.999,-0.007
-0.019,0.997,-0.007
-0.018,0.997,-0.008
-0.019,0.997,-0.007
-0.019,0.997,-0.007
-0.019,0.998,-0.007
-0.018,0.997,-0.006
-0.020,0.997,-0.007
-0.019,0.999,-0.006
-0.020,0.997,-0.006
-0.019,0.998,-0.006
-0.018,0.998,-0.006
-0.020,0.997,-0.006
-0.018,0.998,-0.006
-0.019,0.998,-0.007
-0.019,0.997,-0.005
-0.019,0.998,-0.007
-0.018,0.998,-0.006
-0.020,0.997,-0.006
-0.019,0.997,-0.006
-0.019,0.997,-0.006
-0.020,0.997,-0.007
-0.019,0.997,-0.005
-0.019,0.997,-0.007
-0.019,0.998,-0.007
-0.019,0.997,-0.007
-0.019,0.997,-0.007
-0.018,0.998,-0.006
-0.019,0.997,-0.007
-0.018,0.997,-0.007
-0.018,0.999,-0.007
-0.020,0.997,-0.006
-0.019,0.997,-0.006
-0.019,0.997,-0.006
-0.018,0.997,-0.006
-0.020,0.998,-0.007
-0.019,0.998,-0.007
-0.019,0.997,-0.007
-0.020,0.998,-0.006
-0.020,0.997,-0.006
-0.019,0.998,-0.006
-0.019,0.998,-0.007
-0.019,0.999,-0.007
-0.020,0.997,-0.007
-0.019,0.998,-0.009
-0.019,0.998,-0.005
-0.020,0.997,-0.008
-0.020,0.997,-0.007
-0.018,0.997,-0.007
-0.020,0.998,-0.007
-0.020,0.998,-0.006
-0.018,0.998,-0.007
-0.018,0.996,-0.007
-0.019,0.999,-0.007
-0.019,0.998,-0.009
-0.019,0.997,-0.006
-0.020,0.997,-0.009
-0.019,0.998,-0.005
-0.020,0.998,-0.007
-0.019,0.997,-0.008
-0.019,0.998,-0.006
-0.019,0.998,-0.007
-0.020,0.998,-0.006
-0.019,0.998,-0.009
-0.020,0.997,-0.006
-0.020,0.998,-0.007
-0.019,0.998,-0.007
-0.019,0.997,-0.007
-0.019,0.998,-0.007
-0.018,1.000,-0.006
-0.019,0.997,-0.009
-0.020,0.998,-0.006
-0.020,0.996,-0.007
-0.019,0.997,-0.007
-0.019,0.997,-0.007
-0.019,0.998,-0.008
-0.020,0.998,-0.007
-0.019,0.997,-0.007
-0.019,0.997,-0.007
-0.019,0.997,-0.006
-0.019,0.997,-0.006
-0.019,0.997,-0.006
-0.019,0.997,-0.005
-0.019,0.997,-0.007
-0.019,0.997,-0.007
-0.019,0.997,-0.007
-0.017,0.997,-0.005
-0.019,0.998,-0.007
-0.019,0.998,-0.006
-0.020,0.997,-0.006
-0.019,0.998,-0.007
-0.019,0.997,-0.007
-0.019,0.999,-0.007
-0.020,0.997,-0.006
-0.019,0.997,-0.005
-0.036,-0.993,-0.014
-0.035,-0.993,-0.015
-0.035,-0.992,-0.015
-0.035,-0.993,-0.015
-0.035,-0.993,-0.016
-0.035,-0.993,-0.015
-0.035,-0.993,-0.014
-0.035,-0.993,-0.015
-0.035,-0.993,-0.015
-0.036,-0.995,-0.014
-0.035,-0.994,-0.014
-0.034,-0.992,-0.014
-0.035,-0.994,-0.015
-0.034,-0.993,-0.015
-0.035,-0.993,-0.014
-0.035,-0.993,-0.014
-0.036,-0.993,-0.015
-0.035,-0.995,-0.016
-0.036,-0.993,-0.013
-0.035,-0.993,-0.015
-0.035,-0.993,-0.016
-0.035,-0.993,-0.015
-0.035,-0.993,-0.014
-0.035,-0.995,-0.015
-0.036,-0.993,-0.015
-0.035,-0.994,-0.015
-0.035,-0.993,-0.013
-0.036,-0.994,-0.015
-0.035,-0.993,-0.014
-0.035,-0.993,-0.014
-0.035,-0.994,-0.015
-0.035,-0.994,-0.013
-0.035,-0.994,-0.014
-0.035,-0.993,-0.013
-0.035,-0.993,-0.015
-0.036,-0.995,-0.014
-0.034,-0.993,-0.013
-0.035,-0.993,-0.014
-0.034,-0.994,-0.013
-0.034,-0.994,-0.014
-0.034,-0.995,-0.013
-0.035,-0.994,-0.012
-0.034,-0.994,-0.014
-0.035,-0.994,-0.014
-0.034,-0.994,-0.013
-0.034,-0.994,-0.014
-0.034,-0.994,-0.014
-0.035,-0.993,-0.014
-0.035,-0.993,-0.014
-0.035,-0.993,-0.014
-0.036,-0.993,-0.015
-0.035,-0.994,-0.014
-0.035,-0.994,-0.015
-0.034,-0.993,-0.014
-0.034,-0.994,-0.013
-0.035,-0.995,-0.014
-0.035,-0.994,-0.014
-0.035,-0.993,-0.014
-0.036,-0.993,-0.013
-0.034,-0.993,-0.014
-0.035,-0.994,-0.013
-0.035,-0.994,-0.015
-0.034,-0.994,-0.016
-0.035,-0.993,-0.013
-0.033,-0.994,-0.014
-0.034,-0.993,-0.015
-0.035,-0.994,-0.015
-0.035,-0.993,-0.014
-0.035,-0.993,-0.015
-0.035,-0.993,-0.015
-0.034,-0.995,-0.014
-0.035,-0.993,-0.015
-0.034,-0.993,-0.014
-0.036,-0.994,-0.015
-0.034,-0.993,-0.014
-0.035,-0.993,-0.015
-0.034,-0.993,-0.015
-0.034,-0.993,-0.015
-0.035,-0.994,-0.014
-0.035,-0.993,-0.014
-0.035,-0.993,-0.014
-0.035,-0.994,-0.015
-0.034,-0.993,-0.015
-0.036,-0.993,-0.015
-0.036,-0.994,-0.015
-0.035,-0.993,-0.015
-0.035,-0.994,-0.015
-0.034,-0.993,-0.014
-0.035,-0.993,-0.014
-0.033,-0.994,-0.015
-0.034,-0.994,-0.015
-0.036,-0.994,-0.015
-0.035,-0.993,-0.015
-0.034,-0.992,-0.015
-0.036,-0.993,-0.015
-0.035,-0.993,-0.014
-0.035,-0.994,-0.016
-0.034,-0.993,-0.014
-0.035,-0.993,-0.014
-0.034,-0.994,-0.015
-0.035,-0.993,-0.015
-0.035,-0.995,-0.016
-0.034,-0.993,-0.015
-0.035,-0.994,-0.016
-0.034,-0.993,-0.015
-0.036,-0.994,-0.015
-0.035,-0.993,-0.015
-0.035,-0.994,-0.015
-0.034,-0.993,-0.015
-0.035,-0.994,-0.015
-0.034,-0.993,-0.015
-0.036,-0.993,-0.014
-0.034,-0.993,-0.015
-0.035,-0.994,-0.013
-0.035,-0.993,-0.015
-0.035,-0.994,-0.015
-0.036,-0.994,-0.015
-0.035,-0.992,-0.015
-0.035,-0.995,-0.014
-0.035,-0.992,-0.015
-0.035,-0.994,-0.014
-0.035,-0.993,-0.015
-0.034,-0.994,-0.015
-0.034,-0.993,-0.014
-0.035,-0.994,-0.015
-0.035,-0.995,-0.014
-0.035,-0.993,-0.015
-0.034,-0.993,-0.014
-0.036,-0.994,-0.014
-0.034,-0.993,-0.015
-0.036,-0.993,-0.014
-0.036,-0.993,-0.015
-0.035,-0.993,-0.014
-0.035,-0.994,-0.014
-0.034,-0.993,-0.015
-0.036,-0.994,-0.015
-0.035,-0.991,-0.016
-0.035,-0.994,-0.015
-0.035,-0.993,-0.014
-0.036,-0.994,-0.015
-0.036,-0.995,-0.014
-0.035,-0.993,-0.014
-0.036,-0.993,-0.015
-0.035,-0.994,-0.015
-0.035,-0.993,-0.014
-0.034,-0.992,-0.014
-0.036,-0.993,-0.014
-0.035,-0.993,-0.015
-0.035,-0.993,-0.014
-0.035,-0.994,-0.014
-0.035,-0.993,-0.014
-0.035,-0.992,-0.014
-0.035,-0.993,-0.015
-0.036,-0.993,-0.013
-0.035,-0.993,-0.015
-0.036,-0.993,-0.015
-0.035,-0.992,-0.014
-0.035,-0.996,-0.015
-0.036,-0.993,-0.016
-0.035,-0.993,-0.014
-0.035,-0.994,-0.014
-0.035,-0.994,-0.015
-0.035,-0.994,-0.014
-0.035,-0.993,-0.014
-0.036,-0.995,-0.015
-0.035,-0.994,-0.014
-0.036,-0.993,-0.014
-0.035,-0.994,-0.014
-0.035,-0.993,-0.014
-0.036,-0.993,-0.015
-0.034,-0.992,-0.015
-0.034,-0.994,-0.013
-0.036,-0.993,-0.014
-0.035,-0.993,-0.014
-0.035,-0.993,-0.014
-0.035,-0.993,-0.013
-0.035,-0.993,-0.014
-0.035,-0.993,-0.014
-0.036,-0.993,-0.014
-0.035,-0.994,-0.014
-0.036,-0.993,-0.015
-0.035,-0.993,-0.013
-0.035,-0.992,-0.015
-0.035,-0.993,-0.014
-0.035,-0.994,-0.013
-0.035,-0.994,-0.015
-0.035,-0.994,-0.014
-0.035,-0.993,-0.014
-0.035,-0.993,-0.014
-0.036,-0.994,-0.014
-0.036,-0.993,-0.015
-0.035,-0.993,-0.014
-0.035,-0.992,-0.015
-0.036,-0.993,-0.015
-0.035,-0.994,-0.014
-0.036,-0.993,-0.013
-0.035,-0.993,-0.016
-0.035,-0.994,-0.014
-0.035,-0.993,-0.013
-0.035,-0.993,-0.013
-0.034,-0.993,-0.014
-0.035,-0.994,-0.014
-0.036,-0.993,-0.014
-0.035,-0.994,-0.014
-0.035,-0.993,-0.015
-0.036,-0.994,-0.012
-0.034,-0.993,-0.013
-0.035,-0.993,-0.013
-0.035,-0.994,-0.014
-0.035,-0.994,-0.014
-0.035,-0.993,-0.012
-0.035,-0.994,-0.013
-0.035,-0.995,-0.014
-0.034,-0.994,-0.014
-0.035,-0.992,-0.013
-0.035,-0.994,-0.014
-0.036,-0.993,-0.014
-0.036,-0.993,-0.013
-0.036,-0.994,-0.015
-0.035,-0.993,-0.015
-0.036,-0.993,-0.014
-0.035,-0.994,-0.014
-0.035,-0.993,-0.014
-0.034,-0.992,-0.013
-0.034,-0.992,-0.014
-0.035,-0.995,-0.013
-0.035,-0.993,-0.015
-0.035,-0.993,-0.014
-0.035,-0.993,-0.014
-0.035,-0.993,-0.014
-0.035,-0.993,-0.013
-0.035,-0.992,-0.012
-0.036,-0.993,-0.013
-0.035,-0.993,-0.013
-0.036,-0.993,-0.013
-0.033,-0.993,-0.014
-0.035,-0.993,-0.014
-0.034,-0.992,-0.015
-0.035,-0.993,-0.013
-0.034,-0.993,-0.013
-0.035,-0.994,-0.014
-0.035,-0.993,-0.013
-0.037,-0.994,-0.014
-0.034,-0.993,-0.013
-0.034,-0.994,-0.014
-0.034,-0.994,-0.013
-0.036,-0.993,-0.014
-0.036,-0.993,-0.013
-0.036,-0.992,-0.014
-0.035,-0.995,-0.013
-0.036,-0.994,-0.014
-0.035,-0.993,-0.014
-0.035,-0.994,-0.014
-0.035,-0.993,-0.013
-0.035,-0.993,-0.013
-0.034,-0.993,-0.014
-0.035,-0.994,-0.014
-0.035,-0.993,-0.013
-0.034,-0.993,-0.014
-0.035,-0.992,-0.013
-0.036,-0.992,-0.014
-0.035,-0.993,-0.013
-0.036,-0.994,-0.013
-0.037,-0.993,-0.014
-0.036,-0.993,-0.014
-0.035,-0.992,-0.013
-0.034,-0.995,-0.012
-0.036,-0.993,-0.013
-0.035,-0.994,-0.014
-0.035,-0.992,-0.014
-0.035,-0.994,-0.014
-0.035,-0.993,-0.013
-0.034,-0.995,-0.013
-0.035,-0.995,-0.013
-0.035,-0.993,-0.014
-0.035,-0.994,-0.014
-0.035,-0.993,-0.013
-0.035,-0.993,-0.013
-0.034,-0.993,-0.013
-0.036,-0.993,-0.013
-0.035,-0.993,-0.013
-0.035,-0.994,-0.014
-0.036,-0.993,-0.013
-0.036,-0.993,-0.015
-0.036,-0.993,-0.014
-0.035,-0.993,-0.014
-0.035,-0.993,-0.014
-0.035,-0.994,-0.013
-0.035,-0.994,-0.013
-0.035,-0.992,-0.013
-0.036,-0.994,-0.013
-0.035,-0.993,-0.014
-0.035,-0.994,-0.014
-0.036,-0.994,-0.013
-0.035,-0.993,-0.014
-0.035,-0.994,-0.015
-0.034,-0.995,-0.013
-0.035,-0.994,-0.013
-0.035,-0.993,-0.013
-0.036,-0.993,-0.013
-0.036,-0.993,-0.013
-0.035,-0.992,-0.014
-0.035,-0.993,-0.013
-0.036,-0.993,-0.014
-0.036,-0.993,-0.013
-0.036,-0.994,-0.013
-0.035,-0.992,-0.015
-0.036,-0.993,-0.014
-0.037,-0.993,-0.015
-0.035,-0.992,-0.014
-0.035,-0.993,-0.014
-0.036,-0.993,-0.013
-0.036,-0.994,-0.014
-0.035,-0.993,-0.015
-0.035,-0.993,-0.014
-0.036,-0.994,-0.014
-0.035,-0.993,-0.014
-0.035,-0.993,-0.015
-0.036,-0.993,-0.014
-0.035,-0.995,-0.014
-0.035,-0.993,-0.014
-0.036,-0.994,-0.015
-0.035,-0.992,-0.014
-0.036,-0.993,-0.014
-0.035,-0.993,-0.014
-0.035,-0.993,-0.015
-0.035,-0.993,-0.012
-0.036,-0.993,-0.014
-0.036,-0.993,-0.014
-0.036,-0.994,-0.013
-0.036,-0.992,-0.014
-0.036,-0.994,-0.014
-0.034,-0.993,-0.014
-0.036,-0.994,-0.014
-0.035,-0.993,-0.014
-0.036,-0.993,-0.013
-0.035,-0.995,-0.013
-0.036,-0.993,-0.014
-0.036,-0.994,-0.013
-0.036,-0.993,-0.013
-0.035,-0.993,-0.013
-0.036,-0.993,-0.014
-0.036,-0.994,-0.013
-0.035,-0.996,-0.013
-0.035,-0.992,-0.013
-0.035,-0.993,-0.014
-0.035,-0.994,-0.013
-0.035,-0.993,-0.014
-0.035,-0.994,-0.013
-0.035,-0.994,-0.012
-0.035,-0.994,-0.012
-0.034,-0.995,-0.011
-0.034,-0.994,-0.010
-0.033,-0.994,-0.010
-0.034,-0.993,-0.012
-0.034,-0.994,-0.013
-0.035,-0.993,-0.010
-0.035,-0.993,-0.012
-0.036,-0.993,-0.012
-0.036,-0.994,-0.013
-0.036,-0.993,-0.012
-0.034,-0.994,-0.013
-0.035,-0.993,-0.013
-0.035,-0.993,-0.012
-0.035,-0.993,-0.013
-0.035,-0.994,-0.011
-0.036,-0.994,-0.012
-0.034,-0.993,-0.012
-0.035,-0.994,-0.010
-0.035,-0.993,-0.013
-0.035,-0.993,-0.013
-0.035,-0.993,-0.012
-0.035,-0.993,-0.013
-0.034,-0.995,-0.012
-0.035,-0.993,-0.013
-0.035,-0.993,-0.013
-0.035,-0.993,-0.014
-0.036,-0.994,-0.013
-0.035,-0.993,-0.014
-0.036,-0.994,-0.014
-0.035,-0.993,-0.014
-0.035,-0.994,-0.015
-0.035,-0.992,-0.014
-0.036,-0.994,-0.013
-0.035,-0.992,-0.015
-0.035,-0.993,-0.013
-0.034,-0.993,-0.013
-0.035,-0.993,-0.016
-0.034,-0.993,-0.013
-0.033,-0.995,-0.013
-1.025,-0.015,-0.013
-1.024,-0.015,-0.014
-1.026,-0.015,-0.013
-1.025,-0.014,-0.012
-1.025,-0.014,-0.013
-1.026,-0.013,-0.014
-1.025,-0.015,-0.013
-1.025,-0.015,-0.014
-1.024,-0.014,-0.012
-1.023,-0.015,-0.013
-1.026,-0.014,-0.014
-1.024,-0.015,-0.013
-1.024,-0.014,-0.013
-1.024,-0.015,-0.014
-1.025,-0.015,-0.013
-1.024,-0.015,-0.014
-1.024,-0.014,-0.013
-1.024,-0.014,-0.014
-1.024,-0.014,-0.013
-1.024,-0.015,-0.014
-1.025,-0.014,-0.014
-1.024,-0.014,-0.014
-1.024,-0.015,-0.014
-1.024,-0.013,-0.014
-1.025,-0.015,-0.013
-1.025,-0.014,-0.013
-1.024,-0.014,-0.013
-1.024,-0.015,-0.013
-1.024,-0.014,-0.013
-1.024,-0.015,-0.014
-1.025,-0.015,-0.013
-1.025,-0.015,-0.014
-1.026,-0.015,-0.014
-1.024,-0.015,-0.013
-1.025,-0.014,-0.013
-1.024,-0.014,-0.014
-1.025,-0.015,-0.014
-1.024,-0.014,-0.013
-1.025,-0.016,-0.013
-1.025,-0.015,-0.013
-1.024,-0.015,-0.013
-1.025,-0.014,-0.013
-1.024,-0.015,-0.014
-1.025,-0.014,-0.014
-1.025,-0.015,-0.013
-1.024,-0.015,-0.013
-1.024,-0.015,-0.014
-1.024,-0.014,-0.013
-1.026,-0.015,-0.013
-1.024,-0.015,-0.014
-1.023,-0.015,-0.013
-1.024,-0.015,-0.013
-1.025,-0.015,-0.013
-1.024,-0.015,-0.013
-1.025,-0.015,-0.014
-1.025,-0.014,-0.014
-1.024,-0.015,-0.014
-1.025,-0.015,-0.014
-1.024,-0.015,-0.014
-1.024,-0.015,-0.014
-1.024,-0.015,-0.014
-1.026,-0.014,-0.013
-1.024,-0.016,-0.012
-1.023,-0.015,-0.013
-1.024,-0.014,-0.014
-1.023,-0.016,-0.013
-1.025,-0.015,-0.014
-1.024,-0.016,-0.013
-1.024,-0.014,-0.014
-1.024,-0.015,-0.014
-1.024,-0.014,-0.014
-1.024,-0.015,-0.015
-1.024,-0.015,-0.014
-1.026,-0.014,-0.014
-1.025,-0.016,-0.013
-1.025,-0.016,-0.014
-1.025,-0.015,-0.014
-1.025,-0.016,-0.014
-1.024,-0.016,-0.016
-1.027,-0.012,-0.013
-1.024,-0.016,-0.014
-1.025,-0.014,-0.013
-1.024,-0.015,-0.012
-1.026,-0.013,-0.015
-1.023,-0.016,-0.010
-1.026,-0.013,-0.015
-1.024,-0.014,-0.013
-1.024,-0.014,-0.013
-1.024,-0.014,-0.014
-1.025,-0.015,-0.014
-1.024,-0.013,-0.014
-1.023,-0.014,-0.013
-1.025,-0.014,-0.014
-1.024,-0.015,-0.013
-1.025,-0.014,-0.013
-1.024,-0.015,-0.013
-1.025,-0.014,-0.014
-1.025,-0.014,-0.013
-1.023,-0.015,-0.014
-1.024,-0.014,-0.014
-1.024,-0.014,-0.015
-1.024,-0.014,-0.014
-1.024,-0.014,-0.014
-1.025,-0.015,-0.013
-1.023,-0.016,-0.014
-1.024,-0.014,-0.015
-1.024,-0.015,-0.014
-1.024,-0.014,-0.014
-1.024,-0.015,-0.015
-1.025,-0.014,-0.013
-1.024,-0.015,-0.015
-1.023,-0.015,-0.014
-1.025,-0.016,-0.018
-1.024,-0.015,-0.014
-1.023,-0.015,-0.014
-1.024,-0.015,-0.014
-1.025,-0.015,-0.013
-1.023,-0.014,-0.016
-1.024,-0.015,-0.013
-1.024,-0.015,-0.013
-1.023,-0.015,-0.014
-1.023,-0.016,-0.013
-1.024,-0.015,-0.015
-1.024,-0.016,-0.014
-1.025,-0.014,-0.014
-1.024,-0.014,-0.013
-1.026,-0.014,-0.013
-1.024,-0.014,-0.015
-1.024,-0.016,-0.014
-1.024,-0.016,-0.014
-1.025,-0.014,-0.015
-1.024,-0.015,-0.014
-1.024,-0.014,-0.013
-1.026,-0.015,-0.014
-1.023,-0.016,-0.013
-1.025,-0.013,-0.015
-1.023,-0.016,-0.013
-1.024,-0.014,-0.014
-1.024,-0.015,-0.014
-1.024,-0.015,-0.013
-1.023,-0.014,-0.013
-1.025,-0.015,-0.014
-1.024,-0.015,-0.014
-1.025,-0.015,-0.014
-1.023,-0.015,-0.015
-1.023,-0.016,-0.014
-1.024,-0.014,-0.014
-1.024,-0.015,-0.014
-1.024,-0.015,-0.014
-1.024,-0.014,-0.014
-1.024,-0.015,-0.014
-1.024,-0.015,-0.013
-1.024,-0.014,-0.014
-1.024,-0.015,-0.014
-1.024,-0.014,-0.013
-1.024,-0.014,-0.015
-1.023,-0.015,-0.013
-1.024,-0.015,-0.015
-1.023,-0.015,-0.014
-1.024,-0.014,-0.015
-1.024,-0.014,-0.014
-1.024,-0.015,-0.015
-1.023,-0.014,-0.014
-1.024,-0.015,-0.014
-1.024,-0.015,-0.013
-1.024,-0.014,-0.014
-1.024,-0.014,-0.014
-1.024,-0.015,-0.014
-1.024,-0.015,-0.015
-1.024,-0.013,-0.014
-1.023,-0.015,-0.013
-1.025,-0.014,-0.015
-1.024,-0.013,-0.015
-1.023,-0.016,-0.012
-1.024,-0.014,-0.015
-1.023,-0.015,-0.014
-1.024,-0.014,-0.014
-1.023,-0.015,-0.013
-1.025,-0.014,-0.014
-1.024,-0.015,-0.014
-1.026,-0.015,-0.013
-1.025,-0.014,-0.013
-1.024,-0.016,-0.014
-1.025,-0.014,-0.014
-1.024,-0.014,-0.014
-1.023,-0.015,-0.014
-1.024,-0.014,-0.014
-1.024,-0.014,-0.014
-1.025,-0.014,-0.013
-1.023,-0.015,-0.015
-1.024,-0.013,-0.014
-1.024,-0.014,-0.014
-1.024,-0.014,-0.014
-1.023,-0.016,-0.014
-1.024,-0.013,-0.014
-1.025,-0.013,-0.016
-1.023,-0.016,-0.013
-1.024,-0.015,-0.014
-1.024,-0.014,-0.014
-1.024,-0.015,-0.014
-1.024,-0.013,-0.015
-1.024,-0.015,-0.013
-1.025,-0.014,-0.014
-1.024,-0.015,-0.014
-1.026,-0.014,-0.014
-1.024,-0.014,-0.014
-1.024,-0.015,-0.014
-1.024,-0.013,-0.014
-1.024,-0.015,-0.014
-1.024,-0.014,-0.013
-1.023,-0.015,-0.014
-1.024,-0.015,-0.013
-1.025,-0.014,-0.015
-1.025,-0.014,-0.013
-1.024,-0.015,-0.014
-1.024,-0.014,-0.014
-1.024,-0.014,-0.013
-1.025,-0.015,-0.014
-1.024,-0.014,-0.013
-1.025,-0.016,-0.014
-1.024,-0.014,-0.013
-1.022,-0.015,-0.014
-1.024,-0.015,-0.014
-1.024,-0.014,-0.014
-1.024,-0.015,-0.014
-1.024,-0.014,-0.014
-1.023,-0.014,-0.014
-1.024,-0.014,-0.014
-1.025,-0.015,-0.014
-1.025,-0.015,-0.014
-1.024,-0.014,-0.015
-1.024,-0.015,-0.015
-1.023,-0.015,-0.013
-1.024,-0.014,-0.015
-1.025,-0.015,-0.013
-1.025,-0.013,-0.015
-1.024,-0.015,-0.014
-1.024,-0.014,-0.015
-1.024,-0.015,-0.015
-1.024,-0.014,-0.015
-1.024,-0.015,-0.014
-1.024,-0.014,-0.014
-1.024,-0.016,-0.015
-1.023,-0.014,-0.013
-1.023,-0.014,-0.014
-1.022,-0.014,-0.014
-1.025,-0.014,-0.015
-1.024,-0.014,-0.015
-1.023,-0.015,-0.014
-1.025,-0.013,-0.015
-1.023,-0.015,-0.014
-1.024,-0.015,-0.015
-1.023,-0.014,-0.013
-1.024,-0.014,-0.014
-1.025,-0.014,-0.014
-1.023,-0.014,-0.015
-1.024,-0.015,-0.014
-1.024,-0.015,-0.014
-1.026,-0.015,-0.014
-1.023,-0.015,-0.015
-1.024,-0.014,-0.014
-1.024,-0.014,-0.015
-1.024,-0.016,-0.014
-1.024,-0.015,-0.013
-1.025,-0.014,-0.014
-1.025,-0.015,-0.015
-1.026,-0.014,-0.016
-1.025,-0.014,-0.014
-1.025,-0.015,-0.015
-1.024,-0.015,-0.013
-1.023,-0.015,-0.014
-1.024,-0.014,-0.014
-1.024,-0.015,-0.014
-1.023,-0.014,-0.014
-1.023,-0.015,-0.014
-1.024,-0.016,-0.013
-1.023,-0.015,-0.015
-1.024,-0.016,-0.014
-1.025,-0.014,-0.014
-1.024,-0.014,-0.013
-1.024,-0.014,-0.014
-1.023,-0.015,-0.014
-1.024,-0.015,-0.013
-1.024,-0.014,-0.014
-1.025,-0.016,-0.014
-1.024,-0.014,-0.015
-1.024,-0.014,-0.014
-1.023,-0.016,-0.014
-1.025,-0.015,-0.015
-1.026,-0.015,-0.013
-1.024,-0.015,-0.014
-1.024,-0.016,-0.014
-1.024,-0.014,-0.014
-1.024,-0.014,-0.015
-1.024,-0.016,-0.016
-1.024,-0.015,-0.015
-1.025,-0.015,-0.014
-1.025,-0.015,-0.014
-1.023,-0.016,-0.015
-1.024,-0.015,-0.014
-1.023,-0.015,-0.015
-1.022,-0.016,-0.016
-1.025,-0.015,-0.012
-1.023,-0.015,-0.015
-1.023,-0.015,-0.013
-1.023,-0.016,-0.014
-1.023,-0.017,-0.014
-1.022,-0.017,-0.013
-1.022,-0.017,-0.013
-1.022,-0.017,-0.013
-1.023,-0.017,-0.014
-1.023,-0.018,-0.014
-1.023,-0.018,-0.013
-1.023,-0.018,-0.014
0.968,-0.025,-0.003
0.969,-0.025,-0.004
0.969,-0.025,-0.003
0.969,-0.026,-0.004
0.968,-0.026,-0.004
0.970,-0.026,-0.004
0.969,-0.026,-0.005
0.970,-0.025,-0.004
0.969,-0.025,-0.004
0.969,-0.025,-0.004
0.968,-0.026,-0.004
0.969,-0.026,-0.004
0.970,-0.025,-0.004
0.969,-0.026,-0.004
0.969,-0.025,-0.003
0.969,-0.026,-0.004
0.971,-0.025,-0.005
0.971,-0.026,-0.004
0.969,-0.025,-0.004
0.969,-0.025,-0.004
0.969,-0.025,-0.004
0.970,-0.026,-0.004
0.969,-0.026,-0.004
0.971,-0.026,-0.004
0.969,-0.026,-0.004
0.970,-0.026,-0.006
0.970,-0.026,-0.004
0.969,-0.026,-0.004
0.969,-0.026,-0.004
0.968,-0.026,-0.004
0.969,-0.026,-0.004
0.969,-0.025,-0.004
0.969,-0.026,-0.004
0.970,-0.026,-0.006
0.969,-0.026,-0.004
0.969,-0.026,-0.004
0.968,-0.026,-0.005
0.969,-0.025,-0.004
0.969,-0.025,-0.005
0.969,-0.025,-0.005
0.968,-0.025,-0.004
0.970,-0.026,-0.005
0.968,-0.026,-0.005
0.970,-0.024,-0.005
0.968,-0.025,-0.005
0.969,-0.026,-0.005
0.970,-0.026,-0.005
0.970,-0.026,-0.005
0.969,-0.026,-0.004
0.970,-0.026,-0.004
0.970,-0.025,-0.005
0.969,-0.026,-0.004
0.969,-0.026,-0.005
0.971,-0.026,-0.005
0.969,-0.025,-0.005
0.969,-0.026,-0.006
0.968,-0.025,-0.005
0.968,-0.026,-0.004
0.969,-0.025,-0.004
0.969,-0.025,-0.006
0.968,-0.026,-0.005
0.970,-0.025,-0.006
0.968,-0.026,-0.004
0.969,-0.026,-0.005
0.969,-0.026,-0.004
0.969,-0.026,-0.004
0.969,-0.025,-0.004
0.970,-0.025,-0.004
0.968,-0.025,-0.005
0.970,-0.026,-0.007
0.968,-0.025,-0.004
0.971,-0.025,-0.005
0.970,-0.025,-0.007
0.969,-0.025,-0.005
0.969,-0.026,-0.005
0.969,-0.025,-0.005
0.969,-0.026,-0.007
0.970,-0.025,-0.006
0.969,-0.025,-0.006
0.969,-0.026,-0.006
0.969,-0.026,-0.005
0.969,-0.025,-0.006
0.969,-0.025,-0.007
0.968,-0.025,-0.005
0.969,-0.026,-0.006
0.970,-0.026,-0.008
0.969,-0.025,-0.005
0.969,-0.026,-0.007
0.970,-0.025,-0.007
0.967,-0.025,-0.007
0.970,-0.026,-0.007
0.969,-0.025,-0.007
0.970,-0.025,-0.006
0.970,-0.026,-0.005
0.969,-0.026,-0.007
0.971,-0.026,-0.007
0.970,-0.025,-0.007
0.969,-0.026,-0.007
0.969,-0.025,-0.007
0.970,-0.025,-0.008
0.969,-0.025,-0.007
0.969,-0.026,-0.006
0.969,-0.025,-0.008
0.969,-0.025,-0.007
0.969,-0.026,-0.007
0.969,-0.025,-0.007
0.969,-0.025,-0.008
0.969,-0.025,-0.008
0.969,-0.025,-0.008
0.970,-0.024,-0.007
0.970,-0.024,-0.008
0.969,-0.025,-0.007
0.969,-0.025,-0.008
0.968,-0.026,-0.007
0.969,-0.025,-0.006
0.970,-0.026,-0.008
0.969,-0.026,-0.007
0.969,-0.026,-0.008
0.969,-0.026,-0.007
0.969,-0.026,-0.008
0.969,-0.025,-0.007
0.970,-0.026,-0.008
0.970,-0.025,-0.007
0.968,-0.024,-0.006
0.970,-0.025,-0.008
0.967,-0.025,-0.006
0.969,-0.025,-0.007
0.969,-0.026,-0.007
0.970,-0.026,-0.008
0.970,-0.025,-0.007
0.970,-0.026,-0.008
0.969,-0.025,-0.006
0.971,-0.026,-0.008
0.971,-0.026,-0.008
0.969,-0.025,-0.007
0.970,-0.025,-0.008
0.970,-0.026,-0.006
0.968,-0.026,-0.011
0.970,-0.025,-0.010
0.971,-0.025,-0.008
0.969,-0.026,-0.008
0.969,-0.025,-0.007
0.969,-0.025,-0.008
0.968,-0.026,-0.007
0.969,-0.026,-0.008
0.968,-0.025,-0.008
0.969,-0.026,-0.008
0.970,-0.025,-0.008
0.969,-0.026,-0.008
0.967,-0.027,-0.006
0.969,-0.026,-0.008
0.969,-0.024,-0.007
0.970,-0.026,-0.009
0.968,-0.025,-0.008
0.969,-0.026,-0.007
0.969,-0.025,-0.008
0.971,-0.025,-0.008
0.970,-0.027,-0.008
0.967,-0.025,-0.006
0.971,-0.026,-0.008
0.968,-0.025,-0.008
0.972,-0.025,0.001
0.970,-0.026,-0.006
0.970,-0.025,-0.008
0.970,-0.026,-0.007
0.970,-0.026,-0.008
0.968,-0.024,-0.009
0.969,-0.026,-0.009
0.969,-0.025,-0.008
0.970,-0.026,-0.007
0.969,-0.025,-0.007
0.970,-0.026,-0.008
0.968,-0.025,-0.006
0.970,-0.025,-0.008
0.968,-0.025,-0.008
0.970,-0.025,-0.007
0.969,-0.025,-0.008
0.969,-0.026,-0.008
0.970,-0.026,-0.008
0.968,-0.025,-0.008
0.969,-0.025,-0.007
0.970,-0.025,-0.008
0.969,-0.025,-0.007
0.967,-0.026,-0.007
0.969,-0.025,-0.006
0.969,-0.026,-0.007
0.970,-0.026,-0.008
0.970,-0.026,-0.007
0.969,-0.025,-0.007
0.969,-0.024,-0.007
0.970,-0.025,-0.009
0.968,-0.025,-0.006
0.969,-0.025,-0.008
0.971,-0.026,-0.007
0.968,-0.026,-0.008
0.970,-0.025,-0.008
0.970,-0.025,-0.007
0.970,-0.026,-0.008
0.969,-0.026,-0.006
0.968,-0.025,-0.009
0.970,-0.025,-0.007
0.969,-0.025,-0.006
0.970,-0.026,-0.008
0.968,-0.025,-0.009
0.970,-0.025,-0.009
0.970,-0.025,-0.010
0.969,-0.025,-0.007
0.970,-0.026,-0.005
0.969,-0.025,-0.006
0.969,-0.024,-0.002
0.969,-0.025,-0.005
0.970,-0.025,-0.010
0.969,-0.025,-0.005
0.969,-0.025,-0.005
0.970,-0.026,-0.006
0.972,-0.026,-0.010
0.967,-0.025,-0.006
0.969,-0.025,-0.007
0.969,-0.025,-0.005
0.969,-0.026,-0.005
0.968,-0.025,-0.006
0.970,-0.025,-0.008
0.968,-0.024,-0.007
0.969,-0.025,-0.006
0.970,-0.025,-0.006
0.969,-0.025,-0.008
0.971,-0.026,-0.007
0.969,-0.025,-0.007
0.969,-0.026,-0.007
0.968,-0.026,-0.002
0.969,-0.025,-0.008
0.969,-0.025,-0.006
0.969,-0.025,-0.006
0.969,-0.025,-0.005
0.970,-0.025,-0.007
0.969,-0.025,-0.005
0.969,-0.025,-0.009
0.968,-0.025,-0.004
0.968,-0.025,-0.007
0.969,-0.025,-0.003
0.970,-0.026,-0.006
0.970,-0.025,-0.007
0.970,-0.025,-0.005
0.970,-0.025,-0.008
0.971,-0.025,-0.005
0.970,-0.026,-0.007
0.969,-0.025,-0.006
0.968,-0.025,-0.004
0.969,-0.026,-0.006
0.971,-0.026,-0.006
0.969,-0.025,-0.006
0.972,-0.026,-0.008
0.969,-0.025,-0.005
0.970,-0.025,-0.006
0.969,-0.025,-0.008
0.969,-0.025,-0.006
0.971,-0.025,-0.005
0.969,-0.025,-0.007
0.968,-0.025,-0.005
0.969,-0.025,-0.006
0.969,-0.025,-0.007
0.969,-0.026,-0.005
0.969,-0.025,-0.006
0.969,-0.026,-0.006
0.969,-0.025,-0.006
0.970,-0.025,-0.005
0.968,-0.026,-0.004
0.969,-0.025,-0.005
0.968,-0.025,-0.005
0.969,-0.026,-0.005
0.969,-0.025,-0.005
0.969,-0.025,-0.006
0.969,-0.024,-0.005
0.970,-0.026,-0.005
0.968,-0.025,-0.003
0.969,-0.025,-0.004
0.969,-0.026,-0.006
0.969,-0.025,-0.005
0.969,-0.025,-0.005
0.972,-0.026,-0.004
0.968,-0.026,-0.005
0.969,-0.026,-0.003
0.969,-0.025,-0.005
0.970,-0.026,-0.005
0.969,-0.026,-0.003
0.969,-0.026,-0.004
0.971,-0.026,-0.005
0.968,-0.025,-0.005
0.970,-0.025,-0.004
0.969,-0.026,-0.005
0.970,-0.025,-0.005
0.968,-0.026,-0.008
0.969,-0.025,-0.005
0.970,-0.026,-0.005
0.969,-0.025,-0.003
0.969,-0.024,-0.005
0.969,-0.025,-0.005
0.967,-0.025,-0.002
0.970,-0.025,-0.005
0.969,-0.025,-0.003
0.969,-0.025,-0.004
0.969,-0.024,-0.004
0.968,-0.025,-0.004
0.971,-0.025,-0.004
0.969,-0.026,-0.004
0.969,-0.025,-0.004
0.969,-0.025,-0.006
0.968,-0.025,-0.003
0.969,-0.026,-0.005
0.968,-0.024,-0.004
0.971,-0.026,-0.004
0.969,-0.025,-0.004
0.968,-0.026,-0.002
0.968,-0.024,0.001
0.970,-0.025,-0.016
0.969,-0.026,-0.006
0.970,-0.024,-0.005
0.969,-0.027,-0.006
0.969,-0.025,-0.004
0.972,-0.025,-0.005
0.970,-0.025,-0.005
0.969,-0.025,-0.004
0.969,-0.025,-0.004
0.969,-0.025,-0.006
0.969,-0.025,-0.003
0.967,-0.026,-0.004
0.970,-0.024,-0.003
0.969,-0.026,-0.003
0.968,-0.024,0.002
0.968,-0.026,0.001
0.969,-0.026,0.000
0.969,-0.027,-0.002
0.969,-0.025,0.007
0.969,-0.026,0.007
0.968,-0.026,0.008
0.969,-0.026,0.007
0.971,-0.025,-0.000
0.969,-0.023,0.014
0.970,-0.025,0.010
0.969,-0.025,0.010
0.968,-0.025,0.013
0.969,-0.024,0.014
0.968,-0.024,0.022
0.970,-0.024,0.016
0.967,-0.024,0.014
0.969,-0.026,0.030
0.969,-0.022,0.028
0.968,-0.025,0.034
0.970,-0.025,0.024
0.968,-0.023,0.025
0.966,-0.023,0.041
0.970,-0.025,0.013