-0.141,0.005,1.000
-0.141,0.008,1.001
-0.143,0.011,1.002
-0.142,0.014,1.004
-0.143,0.007,1.007
-0.147,0.005,1.001
-0.145,0.008,1.000
-0.135,0.002,1.000
-0.131,0.012,1.003
-0.139,0.014,1.000
-0.150,0.013,1.001
-0.153,0.005,1.001
-0.149,0.008,0.999
-0.139,0.006,1.003
-0.141,0.006,1.000
-0.151,0.010,1.000
-0.153,0.014,1.000
-0.147,0.012,1.000
-0.141,0.006,1.000
-0.141,0.004,1.001
-0.146,0.009,1.001
-0.148,0.009,1.001
-0.142,0.011,1.001
-0.137,0.011,1.001
-0.135,0.009,1.000
-0.134,0.007,0.999
-0.125,0.004,1.001
-0.126,0.010,1.000
-0.123,0.010,1.000
-0.115,0.011,1.001
-0.113,0.007,1.001
-0.107,0.005,1.003
-0.104,0.002,1.004
-0.101,0.006,1.003
-0.098,0.004,1.006
-0.091,0.008,1.005
-0.087,0.008,1.005
-0.078,0.002,1.009
-0.076,0.001,1.002
-0.074,0.002,1.001
-0.068,0.004,1.003
-0.058,0.003,1.006
-0.047,0.004,1.005
-0.042,0.003,1.004
-0.040,-0.001,1.005
-0.019,-0.002,1.005
-0.009,-0.002,1.004
0.006,-0.001,1.007
0.010,-0.004,1.004
0.014,-0.004,1.001
0.029,-0.005,1.004
0.038,-0.003,1.005
0.042,-0.004,1.001
0.046,-0.008,1.000
0.064,-0.002,1.000
0.071,-0.011,0.996
0.085,-0.012,0.991
0.098,-0.011,0.996
0.115,-0.006,0.996
0.122,-0.012,0.997
0.134,-0.008,0.997
0.141,-0.016,0.998
0.148,-0.016,0.998
0.152,-0.014,0.995
0.165,-0.015,0.993
0.187,-0.016,0.992
0.195,-0.014,0.994
0.190,-0.016,0.989
0.191,-0.022,0.986
0.205,-0.023,0.985
0.214,-0.022,0.976
0.223,-0.017,0.978
0.229,-0.015,0.972
0.234,-0.019,0.969
0.244,-0.022,0.966
0.247,-0.025,0.966
0.251,-0.022,0.967
0.258,-0.025,0.962
0.271,-0.019,0.959
0.272,-0.027,0.958
0.284,-0.025,0.955
0.299,-0.023,0.952
0.306,-0.026,0.953
0.302,-0.025,0.954
0.304,-0.029,0.952
0.315,-0.028,0.949
0.326,-0.030,0.941
0.334,-0.024,0.933
0.342,-0.033,0.933
0.350,-0.035,0.932
0.364,-0.031,0.932
0.369,-0.031,0.927
0.372,-0.037,0.924
0.375,-0.027,0.917
0.389,-0.033,0.911
0.413,-0.028,0.901
0.427,-0.042,0.911
0.413,-0.031,0.908
0.390,-0.045,0.915
0.389,-0.037,0.918
0.402,-0.058,0.902
0.428,-0.033,0.891
0.433,-0.042,0.887
0.439,-0.038,0.886
0.447,-0.039,0.883
0.451,-0.038,0.885
0.447,-0.033,0.884
0.448,-0.039,0.888
0.456,-0.042,0.880
0.464,-0.045,0.875
0.475,-0.041,0.868
0.478,-0.041,0.869
0.477,-0.040,0.865
0.483,-0.041,0.861
0.494,-0.046,0.860
0.492,-0.042,0.857
0.498,-0.046,0.857
0.504,-0.047,0.853
0.505,-0.010,0.848
0.519,-0.059,0.851
0.519,-0.027,0.836
0.528,-0.059,0.828
0.528,-0.041,0.835
0.529,-0.052,0.823
0.538,-0.039,0.826
0.544,-0.041,0.813
0.561,-0.054,0.813
0.565,-0.038,0.807
0.560,-0.056,0.817
0.568,-0.056,0.804
0.577,-0.046,0.800
0.584,-0.049,0.795
0.558,-0.029,0.804
0.585,-0.067,0.785
0.604,-0.038,0.780
0.617,-0.068,0.769
0.621,-0.049,0.763
0.618,-0.056,0.763
0.621,-0.052,0.763
0.624,-0.057,0.754
0.627,-0.054,0.747
0.636,-0.054,0.740
0.648,-0.069,0.731
0.667,-0.053,0.724
0.674,-0.056,0.720
0.672,-0.059,0.722
0.666,-0.061,0.726
0.668,-0.062,0.723
0.679,-0.063,0.701
0.697,-0.061,0.688
0.704,-0.065,0.686
0.702,-0.062,0.683
0.703,-0.066,0.677
0.708,-0.059,0.669
0.714,-0.069,0.664
0.724,-0.065,0.661
0.728,-0.069,0.659
0.731,-0.060,0.653
0.732,-0.069,0.647
0.737,-0.074,0.639
0.745,-0.063,0.635
0.750,-0.073,0.629
0.755,-0.068,0.625
0.757,-0.068,0.613
0.762,-0.064,0.609
0.771,-0.070,0.601
0.770,-0.074,0.597
0.768,-0.067,0.603
0.768,-0.075,0.597
0.773,-0.069,0.594
0.777,-0.067,0.588
0.788,-0.063,0.575
0.795,-0.074,0.570
0.799,-0.079,0.562
0.796,-0.071,0.554
0.800,-0.068,0.551
0.801,-0.075,0.550
0.808,-0.070,0.546
0.813,-0.071,0.535
0.819,-0.075,0.526
0.820,-0.076,0.517
0.828,-0.081,0.510
0.828,-0.073,0.513
0.830,-0.080,0.501
0.837,-0.072,0.491
0.844,-0.069,0.484
0.853,-0.080,0.475
0.850,-0.075,0.473
0.851,-0.081,0.469
0.861,-0.074,0.465
0.863,-0.084,0.446
0.868,-0.077,0.440
0.872,-0.078,0.433
0.875,-0.080,0.429
0.878,-0.083,0.418
0.881,-0.085,0.409
0.883,-0.076,0.399
0.887,-0.087,0.393
0.889,-0.076,0.390
0.891,-0.086,0.381
0.896,-0.082,0.376
0.900,-0.087,0.355
0.902,-0.087,0.350
0.907,-0.073,0.349
0.907,-0.081,0.342
0.911,-0.086,0.333
0.914,-0.087,0.325
0.918,-0.080,0.316
0.922,-0.090,0.306
0.927,-0.086,0.299
0.931,-0.080,0.290
0.928,-0.083,0.282
0.935,-0.094,0.270
0.937,-0.070,0.255
0.934,-0.097,0.244
0.941,-0.086,0.245
0.940,-0.090,0.245
0.942,-0.079,0.237
0.944,-0.087,0.232
0.945,-0.089,0.220
0.950,-0.088,0.215
0.947,-0.095,0.204
0.948,-0.085,0.197
0.949,-0.090,0.198
0.950,-0.091,0.176
0.951,-0.090,0.167
0.952,-0.091,0.165
0.957,-0.086,0.166
0.955,-0.092,0.157
0.957,-0.086,0.150
0.958,-0.091,0.128
0.959,-0.088,0.120
0.962,-0.092,0.114
0.962,-0.089,0.105
0.964,-0.091,0.099
0.965,-0.091,0.093
0.964,-0.091,0.082
0.967,-0.091,0.066
0.966,-0.096,0.052
0.970,-0.090,0.044
0.970,-0.092,0.030
0.970,-0.092,0.019
0.971,-0.091,0.010
0.970,-0.090,-0.004
0.969,-0.093,-0.016
0.972,-0.093,-0.039
0.970,-0.092,-0.057
0.969,-0.091,-0.068
0.967,-0.096,-0.089
0.968,-0.093,-0.098
0.965,-0.092,-0.108
0.962,-0.094,-0.125
0.958,-0.094,-0.139
0.959,-0.092,-0.138
0.958,-0.095,-0.152
0.958,-0.093,-0.159
0.953,-0.092,-0.177
0.952,-0.096,-0.183
0.952,-0.094,-0.190
0.947,-0.090,-0.204
0.946,-0.091,-0.215
0.945,-0.089,-0.231
0.940,-0.089,-0.242
0.938,-0.090,-0.246
0.938,-0.092,-0.256
0.933,-0.094,-0.266
0.932,-0.089,-0.271
0.930,-0.097,-0.284
0.923,-0.090,-0.293
0.923,-0.092,-0.303
0.912,-0.093,-0.334
0.910,-0.092,-0.338
0.908,-0.093,-0.343
0.901,-0.094,-0.375
0.894,-0.087,-0.384
0.887,-0.090,-0.400
0.880,-0.088,-0.417
0.867,-0.087,-0.445
0.867,-0.086,-0.450
0.856,-0.087,-0.461
0.850,-0.084,-0.478
0.840,-0.091,-0.492
0.836,-0.090,-0.498
0.825,-0.089,-0.513
0.824,-0.088,-0.518
0.812,-0.090,-0.543
0.812,-0.082,-0.543
0.801,-0.083,-0.556
0.800,-0.083,-0.558
0.790,-0.084,-0.570
0.786,-0.081,-0.580
0.783,-0.082,-0.585
0.774,-0.080,-0.595
0.768,-0.086,-0.603
0.768,-0.081,-0.607
0.757,-0.078,-0.614
0.748,-0.080,-0.630
0.753,-0.080,-0.619
0.744,-0.083,-0.633
0.734,-0.083,-0.634
0.753,-0.066,-0.643
0.740,-0.085,-0.645
0.729,-0.082,-0.653
0.733,-0.081,-0.648
0.724,-0.080,-0.662
0.713,-0.087,-0.669
0.714,-0.073,-0.664
0.699,-0.081,-0.680
0.704,-0.075,-0.688
0.699,-0.074,-0.691
0.687,-0.075,-0.697
0.673,-0.079,-0.713
0.664,-0.079,-0.711
0.652,-0.069,-0.726
0.651,-0.079,-0.738
0.645,-0.069,-0.744
0.625,-0.072,-0.757
0.615,-0.069,-0.761
0.595,-0.069,-0.777
0.596,-0.072,-0.777
0.612,-0.068,-0.766
0.606,-0.072,-0.774
0.585,-0.070,-0.790
0.576,-0.069,-0.794
0.574,-0.070,-0.793
0.577,-0.064,-0.795
0.572,-0.069,-0.799
0.562,-0.065,-0.807
0.564,-0.063,-0.806
0.560,-0.066,-0.809
0.547,-0.063,-0.817
0.541,-0.064,-0.819
0.529,-0.065,-0.830
0.521,-0.066,-0.836
0.510,-0.062,-0.843
0.507,-0.066,-0.845
0.501,-0.056,-0.846
0.481,-0.061,-0.859
0.490,-0.059,-0.857
0.472,-0.058,-0.861
0.459,-0.057,-0.869
0.466,-0.061,-0.867
0.470,-0.043,-0.865
0.446,-0.053,-0.887
0.463,-0.051,-0.876
0.440,-0.058,-0.889
0.447,-0.052,-0.880
0.435,-0.055,-0.887
0.427,-0.056,-0.890
0.421,-0.057,-0.890
0.398,-0.055,-0.895
0.407,-0.066,-0.887
0.420,-0.052,-0.904
0.388,-0.057,-0.902
0.402,-0.062,-0.907
0.396,-0.062,-0.901
0.351,-0.056,-0.918
0.387,-0.047,-0.912
0.352,-0.052,-0.919
0.367,-0.049,-0.914
0.366,-0.055,-0.921
0.292,-0.047,-0.944
0.312,-0.042,-0.943
0.323,-0.051,-0.926
0.334,-0.047,-0.930
0.297,-0.050,-0.949
0.302,-0.047,-0.952
0.300,-0.047,-0.946
0.288,-0.037,-0.959
0.281,-0.046,-0.938
0.290,-0.043,-0.932
0.247,-0.043,-0.972
0.238,-0.040,-0.969
0.235,-0.040,-0.957
0.246,-0.040,-0.961
0.211,-0.041,-0.966
0.204,-0.036,-0.973
0.199,-0.037,-0.974
0.185,-0.038,-0.974
0.182,-0.033,-0.978
0.167,-0.032,-0.980
0.154,-0.036,-0.985
0.139,-0.031,-0.984
0.132,-0.032,-0.984
0.117,-0.031,-0.984
0.108,-0.031,-0.986
0.094,-0.028,-0.992
0.079,-0.012,-0.986
0.090,-0.016,-0.990
0.049,-0.020,-0.992
0.050,-0.019,-0.993
0.049,-0.028,-0.989
0.042,-0.032,-0.996
0.017,-0.022,-0.997
0.011,-0.014,-0.997
0.012,-0.015,-1.003
0.009,-0.021,-0.997
-0.009,-0.016,-0.997
-0.024,-0.021,-0.998
-0.031,-0.025,-0.997
-0.050,-0.020,-0.996
-0.056,-0.017,-0.992
-0.058,-0.010,-0.990
-0.073,-0.009,-0.996
-0.089,-0.011,-0.996
-0.087,-0.019,-0.996
-0.100,-0.018,-0.997
-0.124,-0.020,-0.991
-0.139,-0.015,-0.990
-0.152,-0.008,-0.983
-0.147,-0.013,-0.990
-0.176,-0.016,-0.981
-0.174,-0.003,-0.990
-0.188,-0.011,-0.988
-0.201,-0.007,-0.984
-0.213,-0.007,-0.973
-0.222,-0.006,-0.974
-0.240,-0.004,-0.973
-0.253,0.003,-0.971
-0.267,-0.003,-0.961
-0.274,-0.003,-0.962
-0.295,-0.002,-0.925
-0.311,-0.001,-0.949
-0.316,-0.006,-0.953
-0.343,0.003,-0.942
-0.348,0.001,-0.943
-0.366,-0.001,-0.927
-0.366,0.009,-0.932
-0.378,0.002,-0.928
-0.394,0.003,-0.922
-0.396,0.007,-0.929
-0.411,0.005,-0.922
-0.416,0.008,-0.916
-0.428,0.005,-0.910
-0.434,0.014,-0.907
-0.454,0.012,-0.895
-0.455,0.008,-0.899
-0.465,0.012,-0.892
-0.485,0.012,-0.882
-0.488,0.010,-0.882
-0.507,0.014,-0.872
-0.526,0.015,-0.860
-0.531,0.009,-0.853
-0.541,0.020,-0.841
-0.558,0.019,-0.833
-0.568,0.020,-0.832
-0.582,0.023,-0.817
-0.587,0.018,-0.817
-0.598,0.023,-0.812
-0.612,0.022,-0.802
-0.609,0.021,-0.802
-0.622,0.020,-0.792
-0.630,0.027,-0.781
-0.632,0.025,-0.782
-0.635,0.025,-0.783
-0.651,0.024,-0.768
-0.644,0.025,-0.782
-0.649,0.023,-0.770
-0.667,0.027,-0.758
-0.659,0.026,-0.766
-0.670,0.025,-0.752
-0.686,0.031,-0.751
-0.693,0.030,-0.740
-0.702,0.029,-0.726
-0.710,0.033,-0.718
-0.716,0.032,-0.709
-0.725,0.032,-0.696
-0.730,0.034,-0.701
-0.742,0.032,-0.689
-0.748,0.032,-0.684
-0.755,0.034,-0.676
-0.758,0.037,-0.666
-0.764,0.034,-0.651
-0.768,0.036,-0.658
-0.776,0.040,-0.652
-0.787,0.035,-0.646
-0.792,0.039,-0.637
-0.792,0.041,-0.628
-0.801,0.036,-0.615
-0.809,0.039,-0.608
-0.810,0.046,-0.600
-0.829,0.044,-0.592
-0.828,0.042,-0.570
-0.837,0.045,-0.582
-0.844,0.043,-0.557
-0.849,0.043,-0.552
-0.858,0.045,-0.547
-0.868,0.045,-0.533
-0.877,0.048,-0.504
-0.876,0.043,-0.503
-0.884,0.050,-0.490
-0.888,0.044,-0.484
-0.902,0.050,-0.465
-0.905,0.052,-0.465
-0.910,0.048,-0.457
-0.913,0.046,-0.432
-0.921,0.052,-0.432
-0.920,0.050,-0.432
-0.928,0.049,-0.408
-0.934,0.054,-0.405
-0.939,0.051,-0.391
-0.938,0.049,-0.387
-0.940,0.055,-0.370
-0.952,0.054,-0.379
-0.953,0.043,-0.364
-0.950,0.052,-0.362
-0.957,0.056,-0.335
-0.962,0.056,-0.333
-0.964,0.057,-0.333
-0.964,0.054,-0.317
-0.967,0.055,-0.302
-0.973,0.054,-0.301
-0.970,0.054,-0.304
-0.975,0.054,-0.319
-0.978,0.056,-0.289
-0.980,0.057,-0.271
-0.981,0.065,-0.266
-0.986,0.059,-0.268
-0.989,0.060,-0.248
-0.993,0.052,-0.223
-0.995,0.052,-0.223
-0.994,0.056,-0.211
-0.997,0.054,-0.211
-1.002,0.057,-0.195
-1.003,0.061,-0.179
-1.007,0.061,-0.161
-1.008,0.061,-0.140
-1.011,0.064,-0.122
-1.013,0.065,-0.114
-1.016,0.059,-0.094
-1.016,0.064,-0.072
-1.018,0.058,-0.046
-1.016,0.058,-0.020
-1.016,0.060,0.012
-1.018,0.063,0.015
-1.016,0.059,0.031
-1.017,0.068,0.043
-1.017,0.066,0.047
-1.018,0.066,0.033
-1.024,0.058,0.031
-1.017,0.064,0.053
-1.012,0.070,0.078
-1.021,0.062,0.078
-1.020,0.060,0.087
-1.009,0.062,0.109
-1.006,0.074,0.128
-1.016,0.060,0.119
-1.016,0.066,0.119
-1.009,0.067,0.134
-1.003,0.064,0.171
-1.003,0.069,0.182
-0.998,0.061,0.199
-0.999,0.063,0.209
-1.000,0.065,0.203
-1.000,0.064,0.198
-1.002,0.062,0.201
-0.998,0.063,0.226
-0.994,0.069,0.234
-0.992,0.066,0.239
-0.996,0.064,0.237
-0.991,0.064,0.237
-0.991,0.059,0.241
-0.993,0.067,0.249
-0.993,0.069,0.243
-0.997,0.062,0.235
-0.994,0.062,0.244
-0.992,0.066,0.250
-0.992,0.068,0.247
-0.991,0.058,0.253
-0.986,0.067,0.273
-0.982,0.066,0.284
-0.980,0.066,0.285
-0.982,0.063,0.285
-0.984,0.063,0.283
-0.979,0.064,0.296
-0.978,0.064,0.302
-0.978,0.065,0.302
-0.978,0.061,0.300
-0.975,0.066,0.310
-0.972,0.068,0.315
-0.973,0.065,0.318
-0.973,0.062,0.315
-0.971,0.064,0.319
-0.967,0.066,0.325
-0.968,0.067,0.327
-0.970,0.062,0.325
-0.967,0.061,0.335
-0.960,0.067,0.353
-0.958,0.061,0.358
-0.960,0.063,0.354
-0.959,0.064,0.357
-0.955,0.066,0.364
-0.949,0.060,0.390
-0.939,0.067,0.402
-0.935,0.062,0.409
-0.938,0.061,0.410
-0.938,0.060,0.412
-0.930,0.064,0.417
-0.929,0.066,0.425
-0.930,0.064,0.427
-0.925,0.059,0.441
-0.920,0.059,0.447
-0.909,0.062,0.470
-0.904,0.062,0.481
-0.898,0.065,0.493
-0.895,0.063,0.498
-0.894,0.058,0.500
-0.888,0.059,0.506
-0.882,0.061,0.517
-0.879,0.061,0.525
-0.871,0.063,0.537
-0.868,0.063,0.541
-0.869,0.062,0.543
-0.870,0.056,0.538
-0.866,0.062,0.543
-0.864,0.066,0.546
-0.860,0.057,0.556
-0.856,0.065,0.556
-0.856,0.057,0.559
-0.856,0.060,0.563
-0.856,0.054,0.559
-0.853,0.064,0.559
-0.843,0.068,0.577
-0.844,0.064,0.575
-0.837,0.056,0.590
-0.826,0.059,0.602
-0.818,0.050,0.597
-0.828,0.064,0.590
-0.804,0.052,0.627
-0.800,0.062,0.633
-0.799,0.057,0.640
-0.799,0.064,0.638
-0.794,0.055,0.643
-0.786,0.059,0.652
-0.778,0.061,0.661
-0.773,0.053,0.664
-0.771,0.060,0.669
-0.766,0.051,0.674
-0.762,0.057,0.681
-0.750,0.056,0.692
-0.745,0.056,0.696
-0.737,0.047,0.715
-0.713,0.057,0.727
-0.722,0.054,0.722
-0.714,0.047,0.733
-0.698,0.052,0.744
-0.668,0.047,0.776
-0.654,0.047,0.787
-0.651,0.046,0.786
-0.636,0.052,0.799
-0.630,0.051,0.805
-0.619,0.046,0.820
-0.606,0.045,0.822
-0.601,0.047,0.826
-0.584,0.044,0.836
-0.582,0.040,0.840
-0.581,0.050,0.841
-0.561,0.048,0.851
-0.550,0.046,0.856
-0.547,0.038,0.861
-0.528,0.046,0.871
-0.525,0.047,0.868
-0.532,0.036,0.869
-0.518,0.040,0.875
-0.503,0.040,0.881
-0.489,0.040,0.893
-0.482,0.035,0.900
-0.470,0.039,0.904
-0.450,0.037,0.919
-0.447,0.039,0.922
-0.438,0.035,0.925
-0.434,0.033,0.927
-0.424,0.034,0.931
-0.420,0.038,0.932
-0.410,0.034,0.935
-0.400,0.031,0.938
-0.388,0.033,0.942
-0.384,0.035,0.942
-0.382,0.030,0.943
-0.375,0.032,0.947
-0.368,0.033,0.950
-0.350,0.027,0.955
-0.352,0.024,0.959
-0.348,0.031,0.955
-0.348,0.031,0.958
-0.340,0.033,0.958
-0.310,0.026,0.971
-0.304,0.021,0.973
-0.313,0.027,0.971
-0.312,0.027,0.968
-0.304,0.027,0.970
-0.295,0.018,0.974
-0.284,0.030,0.974
-0.286,0.026,0.975
-0.272,0.021,0.981
-0.266,0.021,0.984
-0.248,0.027,0.990
-0.241,0.024,0.987
-0.242,0.019,0.994
-0.242,0.025,0.988
-0.245,0.019,0.986
-0.245,0.021,0.984
-0.242,0.018,0.984
-0.228,0.021,0.989
-0.221,0.021,0.991
-0.220,0.023,0.990
-0.226,0.022,0.985
-0.217,0.018,0.990
-0.207,0.018,0.995
-0.204,0.017,0.995
-0.203,0.021,0.991
-0.194,0.016,0.991
-0.188,0.015,0.998
-0.186,0.018,1.000
-0.185,0.018,1.000
-0.179,0.017,0.997
-0.170,0.016,0.998
-0.156,0.018,1.000
-0.158,0.010,1.001
-0.164,0.021,1.001
-0.167,0.017,1.000
-0.159,0.014,1.000
-0.136,0.014,1.000
-0.127,0.012,1.002
-0.132,0.014,1.001
-0.132,0.013,1.001
-0.120,0.014,1.004
-0.115,0.012,1.005
-0.115,0.012,1.007
-0.120,0.014,1.006
-0.122,0.011,1.006
-0.114,0.013,1.005
-0.104,0.009,1.007
-0.096,0.009,1.007
-0.103,0.012,1.006
-0.111,0.012,1.004
-0.106,0.011,1.003
-0.092,0.010,1.005
-0.088,0.009,1.002
-0.093,0.010,1.005
-0.100,0.012,1.003
-0.097,0.011,1.005
-0.087,0.009,1.005
-0.093,0.008,1.003
-0.101,0.010,1.001
-0.076,0.006,1.003
-0.077,0.009,1.002
-0.079,0.013,1.002
-0.069,0.011,1.002
-0.045,0.011,1.005
-0.058,0.004,1.008
-0.057,0.007,1.001
-0.059,0.008,1.008
-0.057,0.012,1.005
-0.038,0.007,1.007
-0.026,0.007,1.011
-0.007,0.004,1.013
-0.035,0.001,1.013
-0.045,0.009,1.013
-0.042,0.006,1.012
-0.037,0.005,1.011
-0.037,0.005,1.005
-0.016,0.006,1.006
-0.027,-0.000,1.009
-0.033,0.005,1.006
-0.033,0.003,1.004
-0.039,-0.001,1.008
-0.045,0.004,1.006
-0.038,0.004,1.005
-0.037,0.003,1.007
-0.038,0.008,1.005
-0.035,0.005,1.006
-0.023,0.005,1.010
-0.023,-0.002,1.009
-0.021,0.006,1.008
-0.027,0.002,1.008
-0.032,0.006,1.006
-0.037,-0.031,1.005
-0.032,0.006,1.007
-0.037,0.008,1.005
-0.032,0.006,1.007
-0.045,0.008,1.005
-0.044,0.012,1.004
-0.031,0.001,1.003
-0.022,0.003,1.008
-0.023,0.005,1.007
-0.033,0.007,1.008
-0.040,-0.002,1.005
-0.028,0.004,1.005
-0.027,0.010,1.008
-0.030,0.011,1.007
-0.034,0.005,1.008
-0.038,0.004,1.005
-0.032,0.002,1.004
-0.025,-0.001,1.005
-0.019,0.009,1.006
-0.026,0.009,1.005
-0.022,-0.002,1.007
-0.010,0.005,1.009
-0.019,0.005,1.010
-0.031,0.021,1.007
-0.034,-0.008,1.012
-0.027,-0.005,1.005
-0.016,-0.002,1.007
-0.031,0.002,1.004
-0.033,0.000,1.005
-0.020,0.021,1.006
-0.015,-0.001,1.007
-0.005,-0.005,1.010
-0.027,0.002,1.009
-0.014,0.002,1.007
-0.018,-0.001,1.003
-0.022,0.020,1.006
-0.023,0.016,1.006
-0.021,0.003,1.007
-0.023,0.003,1.005
-0.027,0.009,1.002
-0.016,0.011,1.005
-0.011,0.004,1.007
-0.010,-0.000,1.008
-0.021,0.004,1.007
-0.020,0.002,1.005
-0.016,0.004,1.005
-0.014,0.010,1.005
-0.015,0.011,1.006
-0.029,0.004,1.004
-0.025,0.009,1.005
-0.009,-0.001,1.005
-0.015,-0.005,1.008
-0.014,-0.000,1.007
-0.016,0.011,1.007
-0.020,0.009,1.004
-0.013,0.003,1.007
-0.012,0.006,1.005
-0.017,0.012,1.005
-0.019,0.012,1.007
-0.015,0.010,1.006
-0.013,0.006,1.005
-0.014,0.005,1.006
-0.013,0.010,1.005
-0.007,0.004,1.008
-0.004,0.009,1.006
-0.011,-0.002,1.008
-0.004,-0.009,1.008
-0.014,-0.002,1.009
-0.018,-0.005,1.004
0.010,-0.013,1.007
0.005,0.000,1.008
-0.012,0.008,1.008
-0.010,0.005,1.012
-0.014,0.013,1.004
-0.015,0.004,1.005
-0.004,0.007,1.006
-0.010,0.011,1.004
-0.014,-0.002,1.005
-0.007,0.004,1.007
-0.015,0.012,1.006
-0.013,0.002,1.006
-0.001,-0.005,1.007
-0.009,0.008,1.004
-0.003,-0.001,1.006
-0.011,0.003,1.006
-0.011,0.001,1.005
-0.011,-0.004,1.009
-0.011,0.008,1.006
-0.006,0.013,1.009
-0.007,-0.003,1.007
-0.010,-0.001,1.005
-0.021,0.009,1.001
-0.015,0.015,1.006
-0.014,0.007,1.005
-0.012,0.005,1.009
-0.013,0.005,1.008
-0.008,0.007,1.009
-0.011,0.003,1.006
-0.012,0.001,1.007
-0.008,0.002,1.003
-0.013,0.001,1.004
-0.015,0.003,1.003
-0.010,0.001,1.008
-0.008,0.000,1.007
-0.008,-0.001,1.005
-0.010,0.000,1.004
-0.010,0.005,1.007
-0.000,0.003,1.007
-0.010,0.010,1.008
-0.017,0.025,1.005
-0.013,0.021,1.004
-0.009,0.012,1.009
-0.007,0.005,1.007
-0.013,0.008,1.009
-0.011,0.011,1.007
-0.005,0.001,1.007
-0.009,0.004,1.008
-0.010,0.005,1.009
-0.008,0.006,1.005
-0.011,-0.000,1.007
-0.013,0.008,1.003
-0.010,0.006,1.003
-0.011,-0.001,1.005
-0.013,-0.000,1.006
-0.014,0.017,1.007
-0.013,0.016,1.006
-0.004,0.000,1.006
-0.009,-0.000,1.006
-0.010,0.013,1.006
-0.012,0.009,1.005
-0.012,0.015,1.006
-0.014,0.013,1.006
-0.012,0.011,1.008
-0.007,0.008,1.005
-0.004,0.007,1.008
-0.011,0.005,1.009
-0.012,0.007,1.007
-0.012,0.015,1.002
-0.017,0.010,1.005
-0.005,0.005,1.005
-0.007,0.003,1.007
-0.011,0.006,1.005
-0.013,0.004,1.006
-0.005,0.004,1.008
-0.003,0.001,1.006
-0.005,-0.000,1.005
-0.012,0.018,1.002
-0.012,0.024,1.004
-0.016,0.024,1.008
-0.009,0.022,1.005
-0.014,0.021,1.007
-0.016,0.023,1.006
-0.006,0.016,1.006
-0.006,0.012,1.005
-0.011,0.012,1.005
-0.012,0.009,1.006
-0.007,0.002,1.006
-0.009,0.004,1.008
-0.012,0.011,1.006
-0.012,0.011,1.008
-0.009,0.011,1.007
-0.011,0.008,1.007
-0.004,0.007,1.005
-0.005,0.005,1.005
-0.008,0.011,1.006
-0.011,0.013,1.006
-0.010,0.012,1.006
-0.007,0.013,1.006
-0.010,0.020,1.006
-0.010,0.020,1.005
-0.010,0.016,1.006
-0.011,0.013,1.006
-0.008,0.010,1.007
-0.005,0.014,1.006
-0.011,0.016,1.006
-0.009,0.010,1.006
-0.006,0.004,1.007
-0.001,-0.002,1.005
-0.006,-0.001,1.006
-0.005,0.010,1.006
-0.013,0.013,1.001
-0.002,0.017,1.008
-0.006,0.018,1.003
-0.010,0.024,1.008
-0.007,0.028,1.006
-0.011,0.026,1.006
-0.005,0.017,1.005
-0.006,0.014,1.007
-0.005,0.019,1.004
-0.008,0.016,1.006
-0.008,0.017,1.004
-0.008,0.017,1.006
-0.010,0.021,1.006
-0.001,0.021,1.005
-0.006,0.005,1.006
-0.006,0.004,1.007
-0.008,0.011,1.003
-0.009,0.014,1.002
0.000,0.014,1.006
0.002,0.015,1.005
-0.010,0.016,1.004
-0.008,0.016,1.006
-0.002,0.019,1.004
0.000,0.021,1.007
-0.005,0.020,1.005
-0.002,0.028,1.006
-0.008,0.028,1.006
0.000,0.026,1.006
-0.002,0.026,1.004
-0.009,0.025,1.008
-0.002,0.017,1.005
0.001,0.009,1.005
-0.004,0.010,1.006
-0.005,0.018,1.004
0.002,0.020,1.007
-0.006,0.021,1.002
-0.004,0.033,1.007
-0.001,0.027,1.005
0.000,0.016,1.007
-0.001,0.021,1.004
-0.005,0.020,1.007
0.001,0.012,1.005
0.004,0.010,1.008
-0.001,0.019,1.005
-0.005,0.019,1.006
-0.000,0.008,1.004
-0.001,0.009,1.005
-0.001,0.026,1.006
0.002,0.028,1.005
0.000,0.018,1.004
-0.001,0.014,1.004
0.000,0.016,1.006
0.001,0.014,1.005
0.000,0.004,1.005
0.001,0.008,1.007
0.001,0.006,1.005
0.000,0.011,1.005
0.000,0.016,1.005
0.000,0.010,1.005
-0.001,0.007,1.003
0.001,0.008,1.005
0.005,0.015,1.007
0.003,0.018,1.007
0.000,0.014,1.005
0.000,0.022,1.006
0.000,0.023,1.006
0.002,0.015,1.005
0.001,-0.002,0.954
0.106,0.060,0.354
0.103,-0.076,0.268
0.159,0.120,1.894
0.053,0.087,1.156
0.027,-0.012,1.079
0.014,0.007,1.062
0.001,-0.021,1.071
0.087,0.016,1.004
0.034,0.075,0.999
0.003,0.025,0.981
-0.003,0.025,1.012
0.021,0.014,1.011
0.024,0.000,1.005
0.006,-0.004,1.010
0.042,0.013,1.017
0.026,0.024,1.004
0.013,0.007,1.003
0.017,0.016,1.006
0.039,0.017,1.000
0.039,0.032,1.002
0.026,0.027,1.005
0.015,0.001,1.002
0.021,-0.000,1.001
0.014,0.014,1.005
0.022,0.010,1.003
0.026,0.014,1.010
0.023,0.016,1.007
0.021,0.008,1.007
0.021,0.008,1.002
0.025,0.013,1.006
0.026,0.015,1.006
0.023,0.015,1.002
0.024,0.012,1.006
0.021,0.006,1.002
0.019,0.008,1.005
0.029,0.018,1.007
0.032,0.020,1.008
0.031,0.015,1.006
0.023,0.006,1.007
0.017,-0.001,1.003
0.014,0.006,1.003
0.023,0.013,1.003
0.030,0.010,1.009
0.021,0.007,0.999
0.019,0.003,1.009
0.018,0.010,1.014
0.019,-0.001,1.005
0.013,0.010,1.001
0.029,0.008,1.005
0.027,0.011,1.006
0.024,0.010,1.005
0.010,-0.003,1.006
0.019,-0.021,1.009
0.018,0.001,1.002
0.020,0.010,1.006
0.037,-0.005,0.976
0.017,0.011,1.023
0.024,0.002,1.021
0.005,-0.001,0.996
0.021,-0.007,1.014
0.027,0.005,1.014
0.028,0.007,1.001
0.024,0.011,1.007
0.025,0.002,1.007
0.014,0.006,1.004
0.021,0.008,1.008
0.027,0.008,1.007
0.021,-0.001,1.001
0.021,0.002,1.004
0.028,0.008,1.005
0.031,0.010,1.007
0.011,-0.004,1.007
0.017,-0.000,1.001
0.024,0.000,1.008
0.021,0.001,1.004
0.019,0.002,1.000
0.024,0.003,1.003
0.025,0.004,1.005
0.027,0.006,1.006
0.027,0.005,1.005
0.020,-0.008,1.005
0.003,-0.014,1.005
0.013,-0.015,1.008
0.014,0.000,0.999
0.029,0.004,1.012
0.020,0.012,1.000
0.021,-0.006,1.001
0.022,0.004,1.015
0.028,0.005,1.006
0.033,0.019,1.000
0.040,0.011,1.029
0.024,0.004,1.010
0.020,-0.004,1.004
0.025,-0.006,1.002
0.024,0.000,1.002
0.017,0.005,1.001
0.019,-0.002,1.001
0.014,-0.001,1.001
0.029,-0.009,1.010
0.025,-0.003,1.005
0.031,0.011,1.014
0.019,0.004,1.004
0.031,-0.003,1.013
0.034,0.008,1.007
0.029,0.011,1.008
0.021,0.004,1.001
0.034,-0.013,1.005
0.022,0.009,1.000
0.021,-0.006,1.000
0.022,0.010,0.996
0.030,-0.000,1.013
0.020,0.004,1.000
0.022,-0.005,1.012
0.023,-0.002,1.008
0.029,0.003,1.008
0.032,0.004,1.013
0.029,-0.001,1.006
0.029,-0.001,1.005
0.031,-0.002,1.003
0.025,0.003,1.001
0.023,0.001,1.005
0.019,0.001,1.000
0.023,-0.005,1.000
0.024,-0.000,1.007
0.026,0.003,1.003
0.025,-0.000,1.006
0.026,-0.004,1.008
0.029,-0.007,1.007
0.033,-0.009,1.007
0.030,0.002,1.007
0.030,0.002,1.005
0.028,0.003,1.005
0.022,-0.001,1.000
0.014,-0.013,1.004
0.020,-0.010,1.001
0.031,-0.005,1.003
0.030,0.006,1.008
0.031,-0.000,1.005
0.033,-0.006,1.012
0.022,0.004,1.006
0.027,0.002,1.006
0.020,-0.000,1.004
0.021,-0.001,1.000
0.023,-0.001,1.002
0.031,-0.002,1.005
0.029,0.000,1.005
0.027,-0.005,1.000
0.022,-0.001,1.003
0.025,-0.002,1.010
0.025,0.000,1.003
0.027,0.000,1.005
0.029,0.001,1.008
0.027,-0.001,1.002
0.029,0.003,1.007
0.029,-0.002,1.008
0.026,-0.000,1.003
0.027,-0.004,1.004
0.024,0.003,1.004
0.023,-0.010,1.003
0.023,0.000,1.000
0.024,-0.012,1.008
0.021,0.000,1.002
0.019,-0.022,1.009
0.020,-0.019,1.007
0.036,-0.000,1.012
0.032,0.001,1.011
0.025,-0.010,1.009
0.023,-0.004,1.004
0.020,-0.012,1.004
0.020,-0.009,1.005
0.019,-0.014,1.003
0.027,0.005,1.005
0.030,0.001,1.005
0.021,-0.000,1.004
0.019,-0.002,1.011
0.023,0.008,0.998
0.033,-0.011,1.018
0.024,0.002,1.002
0.020,0.002,0.998
0.022,-0.007,1.005
0.017,-0.012,1.000
0.025,-0.000,1.008
0.030,-0.003,1.007
0.025,-0.006,1.006
0.024,-0.012,1.008
0.025,-0.007,1.003
0.024,-0.014,1.002
0.022,-0.003,1.005
0.023,-0.007,1.001
0.029,-0.019,1.011
0.051,-0.019,1.014
0.042,-0.000,1.002
0.039,-0.013,1.014
0.023,-0.009,1.008
0.014,-0.012,1.000
0.013,-0.001,0.998
0.013,-0.009,1.002
0.017,-0.000,1.001
0.022,-0.009,1.001
0.029,-0.005,1.003
0.021,0.005,1.002
0.014,-0.016,1.013
0.019,-0.001,1.000
0.030,-0.010,1.013
0.029,-0.001,1.009
0.034,-0.021,1.006
0.030,-0.004,1.008
0.025,-0.003,1.006
0.019,-0.009,1.001
0.021,-0.001,1.000
0.030,-0.012,1.001
0.033,-0.008,1.005
0.035,-0.016,1.009
0.031,-0.010,1.007
0.031,-0.012,1.007
0.036,-0.002,1.007
0.036,-0.007,1.006
0.033,-0.011,1.009
0.032,-0.013,1.005
0.031,-0.011,1.003
0.038,-0.018,1.005
0.031,-0.013,1.002
0.027,-0.013,1.001
0.025,-0.015,1.002
0.023,-0.012,1.002
0.026,-0.003,1.001
0.033,-0.009,1.003
0.040,-0.008,1.010
0.037,-0.008,1.009
0.028,-0.012,1.007
0.029,-0.020,1.006
0.032,-0.019,1.005
0.033,-0.027,1.005
0.032,-0.025,1.002
0.020,-0.019,1.001
0.015,-0.008,1.000
0.015,-0.013,0.998
0.033,0.002,1.001
0.050,-0.019,1.009
0.049,-0.013,1.016
0.035,-0.007,1.009
0.023,-0.007,1.011
0.022,-0.007,1.005
0.037,-0.014,1.001
0.045,-0.011,1.002
0.043,-0.017,1.001
0.041,-0.008,1.006
0.019,-0.014,1.001
0.039,-0.022,1.005
0.041,-0.026,1.005
0.036,-0.017,1.003
0.037,-0.020,1.006
0.038,-0.018,1.007
0.033,-0.014,1.005
0.035,-0.018,1.002
0.041,-0.019,1.003
0.030,-0.024,1.004
0.032,-0.020,1.005
0.032,-0.022,1.004
0.041,-0.020,1.008
0.028,-0.024,1.000
0.033,-0.015,1.001
0.031,-0.019,1.005
0.028,-0.013,1.003
0.029,-0.025,1.002
0.042,-0.019,1.005
0.040,-0.029,1.010
0.036,-0.015,1.009
0.022,-0.023,1.006
0.030,-0.016,1.006
0.035,-0.029,1.005
0.032,-0.021,1.002
0.025,-0.025,1.001
0.030,-0.024,1.001
0.030,-0.024,1.001
0.026,-0.024,1.001
0.023,-0.021,1.006
0.030,-0.021,1.005
0.028,-0.024,1.005
0.026,-0.022,1.004
0.025,-0.021,1.004
0.029,-0.024,1.002
0.028,-0.023,1.004
0.026,-0.020,1.005
0.020,-0.022,1.007
0.025,-0.017,1.005
0.025,-0.019,1.004
0.028,-0.018,1.006
0.033,-0.028,1.004
0.036,-0.035,1.006
0.029,-0.039,1.007
0.027,-0.034,1.004
0.022,-0.030,1.002
0.026,-0.023,1.008
0.032,-0.026,1.003
0.031,-0.026,1.009
0.028,-0.024,1.004
0.021,-0.021,1.007
0.023,-0.014,1.010
0.020,-0.021,1.003
0.027,-0.022,1.009
0.024,-0.022,1.005
0.021,-0.026,1.006
0.023,-0.023,1.005
0.020,-0.023,1.002
0.020,-0.025,1.001
0.023,-0.028,1.001
0.025,-0.025,1.005
0.023,-0.026,1.006
0.026,-0.029,1.006
0.022,-0.027,1.005
0.019,-0.021,1.005
0.021,-0.027,1.004
0.027,-0.028,1.003
0.024,-0.030,1.002
0.028,-0.030,1.005
0.021,-0.033,1.004
0.019,-0.030,1.004
0.017,-0.028,1.005
0.021,-0.029,1.004
0.023,-0.035,1.005
0.024,-0.034,1.009
0.025,-0.033,1.004
0.023,-0.032,1.007
0.018,-0.028,1.004
0.018,-0.025,1.006
0.016,-0.031,1.003
0.026,-0.029,1.005
0.021,-0.030,1.005
0.011,-0.022,1.003
0.017,-0.023,1.005
0.017,-0.030,1.005
0.017,-0.025,1.005
0.014,-0.023,1.006
0.014,-0.022,1.005
0.016,-0.028,1.007
0.014,-0.025,1.005
0.010,-0.022,1.004
0.009,-0.019,1.005
0.014,-0.021,1.005
0.015,-0.030,1.005
0.013,-0.024,1.005
0.007,-0.023,1.005
0.009,-0.022,1.002
0.012,-0.026,1.003
0.018,-0.032,1.006
0.015,-0.031,1.006
0.011,-0.026,1.005
0.013,-0.023,1.005
0.018,-0.026,1.007
0.017,-0.031,1.005
0.017,-0.029,1.006
0.011,-0.029,1.007
0.015,-0.028,1.005
0.017,-0.036,1.005
0.014,-0.039,1.002
0.011,-0.028,1.006
0.006,-0.026,1.004
0.008,-0.028,1.002
0.016,-0.035,1.008
0.014,-0.035,1.005
0.010,-0.028,1.004
0.011,-0.025,1.006
0.009,-0.030,1.007
0.013,-0.032,1.006
0.016,-0.027,1.005
0.013,-0.024,1.008
0.009,-0.023,1.005
0.005,-0.021,1.005
0.008,-0.021,1.003
0.008,-0.024,1.004
0.006,-0.023,1.005
0.005,-0.019,1.003
0.005,-0.019,1.005
0.008,-0.028,1.007
0.006,-0.029,1.004
0.010,-0.029,1.005
0.010,-0.040,1.006
0.016,-0.043,1.005
0.008,-0.035,1.006
0.002,-0.030,1.001
0.005,-0.027,1.006
0.007,-0.038,1.003
0.007,-0.041,1.005
0.011,-0.035,1.008
0.006,-0.036,1.008
0.008,-0.031,1.006
0.004,-0.029,1.008
0.007,-0.027,1.006
0.005,-0.028,1.004
0.007,-0.028,1.003
0.001,-0.021,1.007
0.002,-0.021,1.006
0.002,-0.026,1.005
0.004,-0.025,1.005
0.002,-0.024,1.007
0.004,-0.025,1.006
0.002,-0.029,1.006
0.002,-0.037,1.005
0.001,-0.042,1.009
0.005,-0.041,1.004
0.002,-0.031,1.004
0.001,0.008,1.015
-0.002,-0.002,1.007
-0.004,-0.024,1.002
0.000,-0.020,1.005
-0.002,-0.018,1.005
-0.005,-0.009,1.003
-0.000,-0.021,1.004
-0.005,-0.021,1.002
0.001,-0.018,1.006
-0.000,-0.022,1.004
-0.001,-0.015,1.005
0.000,-0.011,1.004
-0.001,-0.019,1.006
-0.001,-0.001,1.002
0.001,-0.018,1.006
-0.007,-0.016,1.006
-0.003,-0.010,1.007
-0.003,-0.016,1.007
0.001,-0.024,1.007
-0.006,-0.024,1.004
0.004,-0.029,1.008
-0.003,-0.016,1.007
0.001,-0.019,1.007
-0.009,-0.028,1.004
-0.008,-0.016,1.006
-0.005,-0.013,1.001
-0.003,-0.008,1.008
-0.004,-0.034,1.008
-0.003,-0.017,1.006
-0.002,-0.028,1.006
-0.002,-0.016,1.005
-0.002,-0.014,1.005
-0.006,-0.029,1.005
-0.005,-0.012,1.005
-0.004,-0.010,1.005
-0.006,-0.011,1.005
-0.003,-0.021,1.006
-0.011,-0.020,1.006
-0.006,-0.000,1.005
-0.009,-0.011,1.002
-0.010,-0.022,1.008
-0.006,-0.011,1.006
-0.008,-0.014,1.009
-0.008,-0.012,1.005
-0.006,-0.002,1.005
-0.009,-0.016,1.006
-0.014,-0.015,1.008
-0.017,-0.008,1.001
-0.008,-0.004,1.005
-0.014,-0.006,1.014
-0.002,-0.017,1.004
-0.014,-0.011,1.011
-0.013,-0.008,1.005
-0.011,-0.015,1.006
-0.015,-0.010,1.006
-0.012,-0.010,1.009
-0.004,-0.008,1.007
-0.009,-0.016,1.004
-0.009,-0.016,1.009
-0.012,-0.007,1.006
-0.010,-0.005,1.006
-0.008,-0.004,1.004
-0.016,-0.005,1.005
-0.009,-0.005,1.008
-0.008,-0.008,1.007
-0.016,-0.015,1.005
-0.015,-0.012,1.000
-0.015,-0.003,1.005
-0.017,0.002,1.007
-0.012,0.003,1.005
-0.009,0.003,1.009
-0.009,-0.004,1.007
-0.021,-0.009,1.003
-0.022,0.017,1.005
-0.003,0.005,1.010
-0.007,0.010,1.009
-0.014,-0.005,1.004
-0.014,-0.013,1.001
0.002,0.010,1.013
0.006,0.002,1.011
-0.003,-0.002,1.010
-0.014,-0.004,1.006
-0.015,-0.005,1.004
-0.022,0.005,1.004
-0.005,-0.001,1.002
-0.011,-0.006,1.003
-0.020,-0.013,1.005
-0.008,-0.002,1.010
-0.010,0.004,1.005
-0.010,-0.003,1.005
-0.018,-0.005,1.007
-0.007,-0.002,1.006
-0.012,-0.000,1.005
-0.007,-0.006,1.004
-0.009,0.000,1.009
-0.006,0.005,1.010
-0.006,0.008,1.007
-0.005,0.006,1.004
-0.005,0.002,1.003
-0.011,-0.001,1.002
-0.014,-0.006,1.007
-0.002,0.002,1.004
-0.003,-0.000,1.005
-0.009,-0.000,1.009
-0.008,0.003,1.006
-0.004,0.003,1.005
-0.002,0.001,1.006
-0.007,-0.001,1.006
-0.004,0.003,1.006
-0.009,0.002,1.005
-0.008,0.000,1.007
-0.008,0.003,1.006
-0.004,0.006,1.003
-0.001,0.004,1.004
-0.003,0.005,1.006
-0.009,-0.000,1.010
-0.004,-0.000,1.009
-0.004,0.000,1.008
-0.013,-0.003,1.009
-0.009,0.002,1.006
-0.007,0.008,1.006
-0.011,-0.004,1.009
-0.016,0.001,1.006
-0.017,-0.000,1.005
-0.022,-0.003,1.006
-0.021,0.002,1.006
-0.018,0.003,1.005
-0.014,-0.002,1.005
-0.027,-0.005,1.014
-0.031,0.003,1.003
-0.023,0.006,1.005
-0.029,0.005,1.005
-0.039,-0.003,1.002
-0.040,0.007,1.001
-0.030,0.004,1.005
-0.040,-0.003,1.007
-0.043,0.000,1.011
-0.035,0.008,1.007
-0.034,0.012,1.004
-0.037,-0.004,1.012
-0.051,0.002,1.008
-0.049,0.006,1.007
-0.038,0.000,1.006
-0.043,-0.008,1.003
-0.055,0.001,1.006
-0.053,0.014,1.007
-0.036,0.006,1.010
-0.047,-0.009,1.010
-0.066,-0.001,1.006
-0.041,0.000,1.008
-0.055,-0.004,1.010
-0.074,0.007,1.007
-0.060,0.013,1.004
-0.053,-0.001,1.005
-0.082,0.007,1.005
-0.075,0.001,1.005
-0.077,0.005,1.004
-0.072,0.004,1.001
-0.069,-0.002,1.007
-0.087,0.003,1.012
-0.088,0.008,1.010
-0.081,0.001,1.014
-0.086,-0.001,1.006
-0.100,0.000,1.008
-0.106,0.009,1.006
-0.110,0.011,1.005
-0.109,0.002,1.005
-0.122,-0.001,1.003
-0.139,0.009,1.000
-0.137,0.013,1.000
-0.140,0.014,1.001
-0.148,0.009,1.001
-0.157,0.005,1.000
-0.160,0.006,1.000
-0.171,0.008,0.994
-0.177,0.005,0.999
-0.175,0.009,0.997
-0.173,0.007,0.998
-0.178,0.012,0.999
-0.182,0.012,0.997
-0.192,0.011,0.997
-0.190,0.007,0.998
-0.192,0.010,0.996
-0.192,0.010,0.997
-0.196,0.011,0.995
-0.195,0.011,0.996
-0.200,0.005,0.995
-0.205,0.012,0.997
-0.207,0.014,0.995
-0.212,0.014,0.996
-0.211,0.009,0.991
-0.213,0.007,0.981
-0.233,0.005,0.971
-0.220,0.007,0.982
-0.207,0.006,0.967
-0.194,0.012,0.970
-0.181,0.015,1.007
-0.164,0.011,1.019
-0.148,0.006,1.028
-0.143,0.010,1.016
-0.160,0.007,1.019
-0.165,0.009,1.000
-0.171,0.009,0.999
-0.167,0.003,0.995
-0.173,0.006,0.987
-0.171,0.009,0.996
-0.166,0.010,1.008
-0.153,0.016,1.004
-0.154,0.015,0.988
-0.163,0.005,0.981
-0.172,0.003,0.999
-0.150,0.003,1.010
-0.129,0.016,1.012
-0.125,0.007,1.015
-0.134,0.005,1.004
-0.151,0.003,0.973
-0.159,0.007,0.991
-0.127,0.005,1.016
-0.109,0.011,1.032
-0.108,0.010,1.017
-0.130,0.005,1.002
-0.141,0.007,0.991
-0.133,0.013,1.021
-0.123,0.005,1.018
-0.136,0.013,0.998
-0.158,0.002,1.000
-0.145,-0.006,1.004
-0.153,0.013,1.001
-0.143,0.010,1.001
-0.149,0.007,1.001
-0.158,0.008,1.000
-0.163,0.006,1.000
-0.165,0.007,1.000
-0.169,0.012,1.001
-0.175,0.011,1.001
-0.181,0.018,1.000
-0.186,0.019,1.000
-0.191,0.020,0.997
-0.186,0.019,0.996
-0.188,0.019,0.995
-0.197,0.018,0.996
-0.214,0.013,0.992
-0.217,0.022,0.992
-0.217,0.021,0.992
-0.216,0.026,0.990
-0.224,0.031,0.990
-0.229,0.024,0.990
-0.237,0.024,0.990
-0.239,0.030,0.990
-0.244,0.026,0.988
-0.250,0.017,0.986
-0.263,0.026,0.983
-0.264,0.032,0.982
-0.261,0.033,0.984
-0.264,0.033,0.983
-0.279,0.032,0.976
-0.293,0.024,0.975
-0.297,0.020,0.973
-0.293,0.034,0.975
-0.295,0.043,0.976
-0.304,0.032,0.978
-0.316,0.032,0.974
-0.334,0.030,0.968
-0.345,0.038,0.961
-0.340,0.030,0.956
-0.347,0.032,0.956
-0.361,0.022,0.954
-0.402,0.039,0.939
-0.397,0.044,0.932
-0.377,0.030,0.938
-0.398,0.020,0.923
-0.420,0.033,0.921
-0.427,0.030,0.920
-0.428,0.034,0.920
-0.428,0.037,0.918
-0.422,0.037,0.920
-0.435,0.034,0.917
-0.439,0.030,0.920
-0.443,0.036,0.920
-0.441,0.045,0.927
-0.441,0.038,0.927
-0.453,0.041,0.919
-0.461,0.043,0.911
-0.455,0.043,0.911
-0.449,0.034,0.914
-0.465,0.039,0.910
-0.471,0.042,0.907
-0.482,0.048,0.900
-0.486,0.051,0.899
-0.478,0.041,0.900
-0.471,0.039,0.884
-0.474,0.039,0.882
-0.495,0.039,0.880
-0.509,0.043,0.897
-0.500,0.049,0.896
-0.501,0.047,0.896
-0.488,0.048,0.900
-0.494,0.044,0.893
-0.504,0.042,0.885
-0.509,0.048,0.881
-0.514,0.052,0.882
-0.513,0.052,0.885
-0.513,0.060,0.891
-0.511,0.054,0.876
-0.517,0.050,0.869
-0.517,0.052,0.876
-0.519,0.058,0.875
-0.533,0.060,0.875
-0.523,0.055,0.880
-0.523,0.056,0.876
-0.526,0.064,0.873
-0.527,0.069,0.875
-0.537,0.063,0.872
-0.536,0.047,0.876
-0.537,0.057,0.870
-0.547,0.053,0.863
-0.542,0.061,0.863
-0.544,0.054,0.864
-0.554,0.061,0.856
-0.564,0.054,0.848
-0.566,0.059,0.845
-0.573,0.047,0.846
-0.577,0.044,0.845
-0.566,0.042,0.854
-0.583,0.053,0.840
-0.595,0.069,0.833
-0.602,0.064,0.826
-0.606,0.057,0.825
-0.615,0.043,0.820
-0.618,0.055,0.810
-0.631,0.060,0.800
-0.643,0.063,0.797
-0.641,0.054,0.799
-0.640,0.055,0.788
-0.654,0.049,0.784
-0.661,0.044,0.779
-0.657,0.055,0.783
-0.669,0.065,0.765
-0.688,0.064,0.756
-0.691,0.059,0.760
-0.682,0.050,0.767
-0.684,0.048,0.762
-0.697,0.054,0.743
-0.712,0.060,0.730
-0.732,0.058,0.715
-0.731,0.054,0.718
-0.729,0.055,0.719
-0.733,0.056,0.709
-0.745,0.052,0.701
-0.753,0.055,0.692
-0.756,0.060,0.673
-0.776,0.055,0.665
-0.774,0.055,0.664
-0.773,0.057,0.665
-0.782,0.056,0.656
-0.794,0.054,0.648
-0.789,0.062,0.646
-0.790,0.059,0.644
-0.805,0.054,0.627
-0.809,0.056,0.632
-0.809,0.053,0.632
-0.803,0.059,0.626
-0.809,0.061,0.624
-0.819,0.057,0.611
-0.829,0.057,0.601
-0.831,0.056,0.601
-0.828,0.060,0.604
-0.827,0.056,0.595
-0.837,0.057,0.590
-0.846,0.060,0.580
-0.843,0.056,0.574
-0.847,0.062,0.570
-0.850,0.058,0.566
-0.854,0.057,0.556
-0.867,0.060,0.545
-0.875,0.061,0.533
-0.874,0.057,0.535
-0.876,0.059,0.528
-0.880,0.057,0.520
-0.884,0.059,0.515
-0.887,0.059,0.512
-0.887,0.061,0.507
-0.888,0.064,0.506
-0.895,0.058,0.493
-0.907,0.060,0.478
-0.920,0.061,0.463
-0.913,0.060,0.458
-0.908,0.060,0.459
-0.917,0.065,0.463
-0.928,0.059,0.435
-0.930,0.069,0.420
-0.939,0.050,0.408
-0.936,0.063,0.416
-0.940,0.049,0.407
-0.948,0.068,0.386
-0.953,0.053,0.373
-0.954,0.065,0.367
-0.954,0.052,0.377
-0.954,0.061,0.367
-0.957,0.061,0.348
-0.974,0.055,0.326
-0.969,0.062,0.323
-0.967,0.054,0.341
-0.971,0.068,0.324
-0.975,0.059,0.298
-0.985,0.058,0.266
-0.988,0.062,0.281
-0.976,0.062,0.290
-0.983,0.055,0.290
-0.988,0.061,0.251
-0.992,0.059,0.244
-0.997,0.062,0.245
-0.991,0.056,0.252
-0.992,0.065,0.243
-0.997,0.050,0.234
-1.000,0.066,0.216
-1.005,0.055,0.212
-1.004,0.063,0.186
-1.001,0.052,0.194
-0.999,0.093,0.241
-0.990,0.056,0.216
-1.007,0.047,0.202
-1.008,0.062,0.178
-0.996,0.038,0.207
-1.000,0.076,0.194
-1.009,0.041,0.178
-1.008,0.071,0.177
-1.002,0.050,0.194
-1.006,0.064,0.174
-1.006,0.056,0.166
-1.006,0.059,0.142
-1.012,0.051,0.147
-1.012,0.062,0.136
-1.015,0.054,0.132
-1.010,0.065,0.139
-1.012,0.052,0.123
-1.018,0.057,0.129
-1.012,0.056,0.108
-1.013,0.051,0.115
-1.030,0.059,0.093
-1.004,0.055,0.129
-1.003,0.057,0.107
-1.025,0.059,0.119
-1.004,0.054,0.119
-1.009,0.060,0.124
-1.019,0.050,0.129
-1.012,0.058,0.124
-1.012,0.056,0.122
-1.017,0.055,0.118
-1.012,0.057,0.123
-1.010,0.054,0.126
-1.015,0.053,0.130
-1.013,0.055,0.130
-1.013,0.053,0.123
-1.012,0.058,0.126
-1.015,0.056,0.124
-1.014,0.055,0.122
-1.013,0.054,0.121
-1.015,0.054,0.122
-1.014,0.053,0.123
-1.012,0.057,0.125
-1.013,0.056,0.125
-1.015,0.053,0.131
-1.013,0.058,0.134
-1.012,0.054,0.130
-1.016,0.054,0.120
-1.022,0.043,0.172
-1.021,0.077,0.128
-1.007,0.042,0.083
-1.036,0.067,0.073
-1.003,0.040,0.132
-0.996,0.070,0.180
-1.022,0.043,0.136
-1.018,0.064,0.110
-1.014,0.058,0.098
-1.028,0.068,0.152
-0.986,0.050,0.128
-1.014,0.049,0.104
-1.025,0.050,0.117
-1.007,0.047,0.115
-0.998,0.045,0.137
-1.022,0.033,0.147
-1.013,0.052,0.131
-1.017,0.068,0.100
-1.024,0.062,0.106
-1.007,0.050,0.140
-1.015,0.052,0.120
-1.021,0.038,0.130
-1.012,0.054,0.115
-1.011,0.038,0.130
-1.016,0.037,0.126
-1.014,0.032,0.134
-1.014,0.036,0.119
-1.019,0.029,0.128
-1.017,0.029,0.130
-1.012,0.021,0.134
-1.018,0.021,0.115
-1.015,0.016,0.128
-1.010,0.016,0.139
-1.012,0.021,0.152
-1.013,0.018,0.148
-1.013,0.010,0.132
-1.018,0.005,0.116
-1.012,-0.001,0.143
-1.012,-0.010,0.146
-1.020,-0.021,0.124
-1.010,-0.025,0.141
-1.016,-0.036,0.123
-1.017,-0.041,0.130
-1.013,-0.068,0.157
-1.012,-0.063,0.138
-1.009,-0.067,0.155
-1.013,-0.063,0.148
-1.009,-0.061,0.147
-1.010,-0.051,0.145
-1.009,-0.052,0.154
-1.009,-0.061,0.147
-1.013,-0.070,0.154
-1.014,-0.078,0.162
-1.011,-0.064,0.158
-1.010,-0.068,0.142
-1.008,-0.085,0.154
-1.010,-0.108,0.152
-1.001,-0.142,0.161
-1.010,-0.103,0.143
-1.010,-0.064,0.143
-1.007,-0.110,0.139
-1.004,-0.113,0.135
-1.014,-0.083,0.153
-1.008,-0.086,0.149
-1.006,-0.108,0.131
-1.004,-0.099,0.152
-1.016,-0.091,0.131
-1.005,-0.098,0.146
-1.004,-0.084,0.152
-1.010,-0.093,0.154
-1.010,-0.104,0.138
-1.023,-0.097,0.142
-1.023,-0.111,0.173
-1.021,-0.099,0.115
-0.988,-0.087,0.154
-1.016,-0.118,0.140
-1.016,-0.094,0.127
-0.999,-0.090,0.141
-0.998,-0.110,0.182
-1.012,-0.116,0.142
-1.000,-0.089,0.156
-1.010,-0.101,0.126
-1.010,-0.114,0.136
-1.006,-0.147,0.134
-0.994,-0.163,0.138
-0.989,-0.185,0.140
-0.994,-0.210,0.135
-0.989,-0.244,0.129
-0.983,-0.266,0.122
-0.969,-0.281,0.147
-0.963,-0.305,0.128
-0.954,-0.336,0.131
-0.943,-0.376,0.142
-0.931,-0.394,0.127
-0.926,-0.427,0.115
-0.912,-0.458,0.115
-0.890,-0.467,0.126
-0.877,-0.500,0.132
-0.857,-0.520,0.135
-0.839,-0.552,0.099
-0.813,-0.614,0.113
-0.785,-0.646,0.088
-0.759,-0.672,0.097
-0.723,-0.697,0.094
-0.688,-0.748,0.086
-0.642,-0.772,0.091
-0.626,-0.808,0.073
-0.614,-0.817,0.053
-0.585,-0.822,0.058
-0.553,-0.832,0.055
-0.519,-0.869,0.048
-0.482,-0.894,0.046
-0.463,-0.903,0.043
-0.433,-0.912,0.024
-0.401,-0.927,0.018
-0.367,-0.938,0.004
-0.329,-0.955,0.012
-0.296,-0.962,0.006
-0.263,-0.979,-0.013
-0.236,-0.981,-0.015
-0.194,-0.986,-0.029
-0.165,-0.992,-0.028
-0.135,-0.991,-0.039
-0.100,-0.990,-0.043
-0.075,-1.005,-0.050
-0.033,-0.992,-0.054
-0.004,-1.001,-0.071
0.024,-1.001,-0.073
0.059,-0.994,-0.082
0.097,-1.000,-0.089
0.127,-0.990,-0.098
0.147,-0.978,-0.099
0.178,-0.980,-0.108
0.200,-0.979,-0.107
0.221,-0.954,-0.123
0.244,-0.963,-0.127
0.265,-0.951,-0.125
0.288,-0.944,-0.123
0.310,-0.933,-0.142
0.327,-0.922,-0.137
0.356,-0.917,-0.151
0.378,-0.916,-0.147
0.401,-0.890,-0.153
0.429,-0.872,-0.162
0.447,-0.868,-0.172
0.479,-0.855,-0.172
0.493,-0.838,-0.174
0.523,-0.817,-0.196
0.543,-0.821,-0.181
0.563,-0.816,-0.204
0.587,-0.773,-0.192
0.588,-0.759,-0.194
0.608,-0.734,-0.203
0.618,-0.735,-0.211
0.648,-0.713,-0.211
0.676,-0.696,-0.206
0.679,-0.686,-0.215
0.672,-0.667,-0.231
0.700,-0.643,-0.240
0.716,-0.641,-0.207
0.719,-0.617,-0.262
0.745,-0.602,-0.239
0.740,-0.598,-0.245
0.775,-0.562,-0.259
0.774,-0.555,-0.246
0.782,-0.549,-0.248
0.788,-0.525,-0.262
0.788,-0.516,-0.257
0.803,-0.512,-0.259
0.816,-0.476,-0.253
0.800,-0.480,-0.271
0.824,-0.479,-0.272
0.828,-0.449,-0.258
0.831,-0.458,-0.244
0.838,-0.439,-0.272
0.843,-0.423,-0.261
0.845,-0.397,-0.248
0.860,-0.384,-0.261
0.864,-0.405,-0.262
0.862,-0.372,-0.262
0.870,-0.340,-0.281
0.866,-0.353,-0.262
0.889,-0.346,-0.256
0.892,-0.347,-0.278
0.882,-0.317,-0.258
0.880,-0.310,-0.279
0.892,-0.299,-0.271
0.896,-0.324,-0.260
0.880,-0.280,-0.272
0.898,-0.307,-0.260
0.904,-0.282,-0.247
0.893,-0.284,-0.273
0.894,-0.281,-0.273
0.908,-0.275,-0.258
0.905,-0.244,-0.269
0.906,-0.245,-0.271
0.912,-0.245,-0.270
0.915,-0.250,-0.253
0.906,-0.222,-0.261
0.910,-0.224,-0.275
0.923,-0.220,-0.264
0.917,-0.207,-0.264
0.919,-0.208,-0.272
0.922,-0.193,-0.272
0.915,-0.189,-0.267
0.920,-0.177,-0.266
0.920,-0.181,-0.272
0.923,-0.165,-0.266
0.924,-0.157,-0.280
0.929,-0.140,-0.253
0.924,-0.131,-0.277
0.930,-0.115,-0.283
0.917,-0.120,-0.269
0.931,-0.119,-0.280
0.934,-0.113,-0.281
0.933,-0.119,-0.283
0.918,-0.104,-0.282
0.929,-0.102,-0.291
0.933,-0.098,-0.284
0.921,-0.103,-0.291
0.926,-0.093,-0.288
0.930,-0.094,-0.294
0.925,-0.097,-0.291
0.931,-0.093,-0.286
0.927,-0.094,-0.295
0.928,-0.095,-0.293
0.921,-0.090,-0.288
0.928,-0.086,-0.295
0.928,-0.087,-0.288
0.931,-0.080,-0.287
0.927,-0.090,-0.277
0.934,-0.089,-0.281
0.934,-0.081,-0.281
0.930,-0.082,-0.281
0.937,-0.070,-0.260
0.934,-0.072,-0.270
0.926,-0.061,-0.271
0.940,-0.060,-0.281
0.932,-0.044,-0.277
0.935,-0.037,-0.282
0.937,-0.033,-0.263
0.942,-0.021,-0.262
0.931,-0.007,-0.282
0.939,0.010,-0.283
0.932,0.008,-0.272
0.940,0.021,-0.273
0.934,0.028,-0.264
0.931,0.045,-0.268
0.938,0.056,-0.271
0.934,0.067,-0.265
0.931,0.078,-0.275
0.932,0.085,-0.278
0.930,0.101,-0.269
0.928,0.119,-0.276
0.928,0.126,-0.270
0.927,0.135,-0.269
0.927,0.139,-0.264
0.927,0.157,-0.264
0.920,0.173,-0.268
0.919,0.187,-0.270
0.918,0.191,-0.263
0.914,0.209,-0.257
0.923,0.220,-0.253
0.901,0.237,-0.255
0.913,0.254,-0.261
0.905,0.261,-0.256
0.897,0.266,-0.256
0.899,0.275,-0.257
0.882,0.323,-0.242
0.896,0.311,-0.260
0.876,0.333,-0.250
0.872,0.359,-0.257
0.877,0.370,-0.241
0.858,0.383,-0.252
0.862,0.399,-0.241
0.859,0.418,-0.246
0.840,0.414,-0.243
0.832,0.442,-0.235
0.836,0.456,-0.230
0.825,0.457,-0.235
0.808,0.486,-0.234
0.813,0.496,-0.229
0.803,0.512,-0.221
0.794,0.518,-0.221
0.786,0.532,-0.218
0.781,0.537,-0.217
0.766,0.551,-0.214
0.769,0.568,-0.211
0.755,0.574,-0.209
0.753,0.586,-0.212
0.743,0.603,-0.201
0.739,0.611,-0.202
0.737,0.610,-0.194
0.724,0.631,-0.191
0.713,0.645,-0.196
0.706,0.651,-0.193
0.696,0.659,-0.189
0.687,0.666,-0.184
0.678,0.679,-0.183
0.669,0.690,-0.183
0.656,0.702,-0.181
0.651,0.717,-0.179
0.637,0.722,-0.169
0.632,0.729,-0.174
0.615,0.742,-0.167
0.607,0.746,-0.176
0.598,0.756,-0.165
0.585,0.771,-0.162
0.577,0.774,-0.155
0.557,0.794,-0.157
0.554,0.808,-0.148
0.543,0.808,-0.140
0.528,0.819,-0.138
0.513,0.828,-0.141
0.504,0.832,-0.138
0.492,0.832,-0.130
0.479,0.855,-0.127
0.462,0.859,-0.120
0.451,0.858,-0.123
0.448,0.867,-0.119
0.425,0.880,-0.113
0.412,0.891,-0.103
0.415,0.886,-0.101
0.397,0.885,-0.112
0.381,0.898,-0.106
0.371,0.910,-0.097
0.362,0.916,-0.089
0.352,0.919,-0.084
0.343,0.920,-0.081
0.338,0.917,-0.085
0.321,0.926,-0.085
0.309,0.935,-0.085
0.307,0.943,-0.076
0.295,0.948,-0.066
0.283,0.942,-0.065
0.272,0.944,-0.073
0.264,0.944,-0.069
0.255,0.958,-0.064
0.246,0.967,-0.046
0.237,0.963,-0.050
0.217,0.957,-0.053
0.218,0.957,-0.050
0.204,0.954,-0.056
0.188,0.972,-0.043
0.180,0.974,-0.046
0.174,0.972,-0.049
0.177,0.978,-0.042
0.167,0.978,-0.033
0.156,0.981,-0.037
0.143,0.989,-0.040
0.140,0.982,-0.039
0.141,0.976,-0.032
0.129,0.992,-0.026
0.111,0.987,-0.030
0.114,0.981,-0.028
0.115,0.984,-0.026
0.090,0.994,-0.020
0.084,0.990,-0.021
0.084,0.993,-0.023
0.082,0.994,-0.020
0.084,0.991,-0.022
0.049,1.003,-0.011
0.057,1.009,-0.018
0.040,1.003,-0.006
0.019,0.998,-0.010
0.029,1.000,-0.004
0.002,0.992,-0.012
0.003,0.997,-0.008
-0.018,0.983,-0.017
-0.041,1.000,0.008
-0.057,1.006,0.012
-0.058,0.995,0.009
-0.079,1.016,0.011
-0.089,1.010,0.007
-0.099,0.982,0.016
-0.118,0.981,0.020
-0.122,0.981,0.024
-0.136,0.990,0.027
-0.158,1.001,0.026
-0.158,0.988,0.030
-0.176,0.982,0.034
-0.183,0.975,0.034
-0.205,0.990,0.042
-0.213,0.988,0.056
-0.242,0.976,0.052
-0.250,0.978,0.051
-0.243,0.956,0.052
-0.255,0.951,0.064
-0.295,0.963,0.063
-0.283,0.962,0.066
-0.297,0.961,0.062
-0.310,0.950,0.064
-0.311,0.936,0.070
-0.325,0.946,0.080
-0.332,0.956,0.083
-0.348,0.945,0.080
-0.348,0.940,0.079
-0.359,0.930,0.087
-0.372,0.933,0.080
-0.378,0.935,0.087
-0.387,0.931,0.094
-0.389,0.923,0.102
-0.403,0.920,0.102
-0.412,0.914,0.101
-0.421,0.911,0.102
-0.428,0.913,0.107
-0.435,0.900,0.109
-0.448,0.899,0.110
-0.447,0.888,0.115
-0.466,0.892,0.123
-0.466,0.880,0.123
-0.481,0.874,0.128
-0.482,0.868,0.120
-0.496,0.866,0.125
-0.501,0.869,0.131
-0.502,0.863,0.136
-0.510,0.859,0.137
-0.516,0.856,0.132
-0.523,0.854,0.142
-0.528,0.853,0.145
-0.531,0.845,0.150
-0.534,0.839,0.154
-0.540,0.842,0.156
-0.545,0.837,0.159
-0.545,0.836,0.161
-0.553,0.831,0.170
-0.554,0.827,0.174
-0.558,0.827,0.173
-0.567,0.822,0.173
-0.572,0.817,0.172
-0.575,0.815,0.174
-0.581,0.809,0.177
-0.587,0.807,0.181
-0.593,0.812,0.183
-0.595,0.800,0.191
-0.604,0.797,0.187
-0.609,0.798,0.181
-0.618,0.795,0.193
-0.636,0.763,0.199
-0.654,0.719,0.198
-0.665,0.724,0.176
-0.670,0.729,0.171
-0.666,0.710,0.181
-0.663,0.736,0.193
-0.677,0.753,0.189
-0.683,0.739,0.200
-0.675,0.728,0.208
-0.689,0.723,0.184
-0.689,0.719,0.207
-0.697,0.714,0.188
-0.693,0.716,0.234
-0.703,0.701,0.211
-0.704,0.697,0.201
-0.719,0.703,0.191
-0.730,0.689,0.192
-0.720,0.677,0.196
-0.724,0.681,0.231
-0.735,0.664,0.190
-0.734,0.661,0.226
-0.739,0.664,0.217
-0.756,0.652,0.195
-0.773,0.634,0.218
-0.782,0.624,0.207
-0.783,0.611,0.216
-0.799,0.580,0.193
-0.805,0.579,0.206
-0.811,0.577,0.209
-0.813,0.572,0.225
-0.829,0.565,0.222
-0.822,0.548,0.221
-0.842,0.539,0.212
-0.845,0.529,0.228
-0.813,0.509,0.238
-0.847,0.497,0.232
-0.855,0.491,0.228
-0.863,0.480,0.226
-0.862,0.478,0.209
-0.872,0.481,0.227
-0.871,0.489,0.227
-0.858,0.483,0.230
-0.872,0.486,0.216
-0.875,0.491,0.227
-0.870,0.480,0.232
-0.872,0.484,0.234
-0.879,0.471,0.229
-0.876,0.471,0.222
-0.886,0.463,0.212
-0.885,0.460,0.214
-0.883,0.450,0.223
-0.885,0.451,0.235
-0.881,0.466,0.220
-0.901,0.461,0.192
-0.894,0.448,0.224
-0.894,0.438,0.233
-0.900,0.419,0.225
-0.900,0.420,0.232
-0.909,0.420,0.220
-0.911,0.410,0.216
-0.912,0.392,0.224
-0.911,0.381,0.228
-0.920,0.384,0.210
-0.927,0.382,0.203
-0.919,0.376,0.227
-0.926,0.369,0.221
-0.931,0.380,0.218
-0.930,0.366,0.209
-0.930,0.365,0.226
-0.931,0.356,0.215
-0.938,0.355,0.220
-0.940,0.347,0.204
-0.939,0.338,0.219
-0.939,0.325,0.220
-0.944,0.333,0.209
-0.948,0.333,0.220
-0.948,0.312,0.212
-0.950,0.301,0.205
-0.959,0.304,0.200
-0.950,0.284,0.227
-0.954,0.295,0.230
-0.960,0.272,0.215
-0.958,0.260,0.210
-0.964,0.260,0.220
-0.958,0.261,0.227
-0.965,0.259,0.214
-0.967,0.259,0.210
-0.965,0.253,0.219
-0.969,0.255,0.216
-0.969,0.260,0.217
-0.970,0.256,0.213
-0.974,0.249,0.213
-0.970,0.245,0.226
-0.971,0.228,0.219
-0.973,0.221,0.225
-0.976,0.213,0.225
-0.980,0.209,0.215
-0.985,0.189,0.217
-0.978,0.183,0.220
-0.989,0.176,0.212
-0.984,0.168,0.216
-0.985,0.154,0.208
-0.991,0.138,0.216
-0.985,0.125,0.213
-0.991,0.125,0.212
-0.992,0.147,0.203
-0.996,0.155,0.214
-0.986,0.139,0.228
-0.988,0.142,0.234
-0.990,0.140,0.223
-0.995,0.151,0.208
-0.997,0.151,0.203
-1.000,0.125,0.222
-0.981,0.105,0.216
-0.999,0.092,0.201
-0.999,0.112,0.213
-0.998,0.098,0.204
-0.998,0.098,0.206
-0.998,0.082,0.197
-1.002,0.089,0.197
-0.997,0.078,0.204
-1.001,0.060,0.212
-0.998,0.065,0.206
-1.004,0.054,0.197
-0.998,0.043,0.203
-1.001,0.049,0.207
-0.997,0.040,0.204
-1.003,0.049,0.208
-0.996,0.048,0.208
-1.004,0.054,0.216
-1.004,0.048,0.206
-1.001,0.044,0.193
-1.004,0.061,0.206
-1.001,0.057,0.199
-1.004,0.053,0.198
-1.003,0.046,0.188
-1.000,0.042,0.213
-0.998,0.041,0.218
-1.000,0.041,0.220
-0.999,0.049,0.225
-0.999,0.048,0.225
-0.996,0.046,0.230
-0.997,0.047,0.233
-0.997,0.033,0.243
-0.994,0.025,0.230
-1.000,0.027,0.222
-1.001,0.019,0.242
-0.993,0.011,0.225
-0.996,0.003,0.226
-1.000,0.015,0.219
-1.000,0.022,0.221
-1.004,0.034,0.207
-0.998,0.017,0.226
-0.997,0.012,0.232
-0.999,0.019,0.228
-1.002,0.033,0.206
-1.003,0.030,0.222
-0.998,0.034,0.225
-0.997,0.028,0.233
-0.999,0.022,0.223
-1.002,0.029,0.223
-0.998,0.029,0.227
-0.997,0.021,0.227
-1.000,0.024,0.231
-0.997,0.018,0.231
-1.000,0.023,0.223
-0.984,0.015,0.213
-0.997,0.040,0.252
-0.988,0.031,0.252
-0.990,0.010,0.266
-0.984,0.023,0.272
-0.985,0.020,0.273
-0.986,0.027,0.283
-0.983,0.026,0.295
-0.978,0.038,0.293
-0.976,0.035,0.307
-0.974,0.043,0.322
-0.965,0.049,0.329
-0.972,0.049,0.337
-0.967,0.042,0.329
-0.962,0.038,0.342
-0.971,0.040,0.337
-0.962,0.047,0.356
-0.952,0.043,0.363
-0.953,0.064,0.379
-0.946,0.073,0.380
-0.943,0.094,0.389
-0.945,0.098,0.384
-0.944,0.118,0.387
-0.945,0.121,0.380
-0.943,0.131,0.386
-0.938,0.135,0.394
-0.934,0.139,0.403
-0.935,0.137,0.402
-0.935,0.133,0.405
-0.932,0.124,0.408
-0.929,0.116,0.413
-0.931,0.120,0.408
-0.933,0.114,0.408
-0.930,0.121,0.410
-0.926,0.131,0.421
-0.927,0.135,0.418
-0.930,0.126,0.410
-0.931,0.127,0.408
-0.929,0.121,0.410
-0.933,0.121,0.404
-0.932,0.123,0.407
-0.925,0.125,0.419
-0.921,0.130,0.427
-0.921,0.132,0.431
-0.918,0.126,0.441
-0.912,0.122,0.453
-0.904,0.127,0.464
-0.901,0.117,0.471
-0.902,0.118,0.475
-0.896,0.155,0.478
-0.895,0.134,0.477
-0.899,0.121,0.479
-0.894,0.129,0.483
-0.891,0.124,0.491
-0.886,0.119,0.501
-0.879,0.119,0.503
-0.874,0.125,0.512
-0.877,0.124,0.515
-0.868,0.125,0.532
-0.859,0.122,0.537
-0.849,0.119,0.560
-0.845,0.123,0.567
-0.841,0.115,0.578
-0.835,0.117,0.575
-0.832,0.117,0.591
-0.824,0.124,0.595
-0.822,0.118,0.606
-0.819,0.121,0.603
-0.818,0.118,0.609
-0.815,0.114,0.607
-0.819,0.114,0.605
-0.818,0.118,0.603
-0.814,0.114,0.613
-0.801,0.123,0.622
-0.795,0.115,0.641
-0.789,0.115,0.645
-0.790,0.109,0.650
-0.783,0.113,0.644
-0.781,0.109,0.659
-0.775,0.120,0.660
-0.769,0.112,0.678
-0.760,0.118,0.679
-0.760,0.113,0.682
-0.770,0.112,0.666
-0.769,0.120,0.665
-0.770,0.109,0.664
-0.770,0.115,0.666
-0.769,0.116,0.669
-0.771,0.115,0.660
-0.771,0.109,0.661
-0.771,0.116,0.656
-0.769,0.112,0.664
-0.767,0.114,0.671
-0.759,0.111,0.679
-0.751,0.114,0.685
-0.752,0.113,0.689
-0.751,0.111,0.690
-0.744,0.111,0.697
-0.741,0.111,0.698
-0.747,0.113,0.692
-0.751,0.110,0.686
-0.750,0.122,0.679
-0.751,0.111,0.689
-0.747,0.102,0.691
-0.740,0.116,0.697
-0.741,0.110,0.698
-0.747,0.104,0.691
-0.744,0.105,0.693
-0.735,0.116,0.696
-0.732,0.104,0.709
-0.722,0.112,0.721
-0.716,0.114,0.726
-0.714,0.105,0.730
-0.714,0.103,0.729
-0.711,0.113,0.730
-0.710,0.107,0.731
-0.709,0.108,0.732
-0.708,0.110,0.733
-0.707,0.109,0.732
-0.704,0.104,0.740
-0.699,0.105,0.744
-0.695,0.115,0.745
-0.702,0.100,0.736
-0.708,0.112,0.721
-0.706,0.111,0.728
-0.697,0.113,0.732
-0.684,0.100,0.756
-0.688,0.104,0.751
-0.690,0.104,0.754
-0.691,0.105,0.748
-0.668,0.111,0.770
-0.651,0.098,0.762
-0.674,0.111,0.777
-0.672,0.116,0.755
-0.675,0.096,0.759
-0.656,0.106,0.779
-0.659,0.098,0.784
-0.644,0.108,0.785
-0.641,0.091,0.788
-0.642,0.107,0.780
-0.646,0.105,0.787
-0.626,0.098,0.797
-0.603,0.103,0.826
-0.607,0.097,0.815
-0.613,0.089,0.811
-0.611,0.091,0.813
-0.607,0.101,0.821
-0.605,0.086,0.813
-0.584,0.105,0.831
-0.574,0.091,0.841
-0.575,0.098,0.842
-0.579,0.084,0.836
-0.573,0.093,0.836
-0.552,0.088,0.853
-0.549,0.091,0.864
-0.548,0.094,0.858
-0.556,0.086,0.860
-0.544,0.094,0.859
-0.526,0.085,0.876
-0.518,0.093,0.879
-0.526,0.083,0.875
-0.522,0.089,0.871
-0.521,0.086,0.876
-0.520,0.094,0.877
-0.514,0.085,0.881
-0.511,0.085,0.880
-0.507,0.086,0.881
-0.512,0.087,0.880
-0.515,0.083,0.876
-0.511,0.087,0.878
-0.503,0.091,0.880
-0.504,0.087,0.885
-0.504,0.085,0.882
-0.501,0.084,0.880
-0.496,0.087,0.884
-0.492,0.084,0.890
-0.493,0.086,0.891
-0.495,0.086,0.892
-0.494,0.085,0.885
-0.483,0.073,0.882
-0.476,0.083,0.900
-0.474,0.079,0.896
-0.468,0.077,0.899
-0.458,0.083,0.904
-0.454,0.082,0.911
-0.447,0.083,0.916
-0.453,0.081,0.907
-0.444,0.081,0.912
-0.432,0.075,0.919
-0.424,0.074,0.926
-0.395,0.072,0.935
-0.389,0.071,0.938
-0.393,0.074,0.937
-0.394,0.070,0.935
-0.385,0.068,0.936
-0.364,0.065,0.951
-0.357,0.066,0.953
-0.343,0.072,0.956
-0.340,0.071,0.954
-0.333,0.066,0.956
-0.330,0.060,0.960
-0.317,0.064,0.965
-0.311,0.062,0.971
-0.297,0.056,0.974
-0.290,0.062,0.977
-0.281,0.060,0.976
-0.274,0.059,0.979
-0.269,0.055,0.979
-0.262,0.055,0.979
-0.253,0.052,0.983
-0.244,0.049,0.986
-0.238,0.052,0.990
-0.235,0.056,0.987
-0.229,0.053,0.985
-0.223,0.053,0.986
-0.215,0.048,0.988
-0.203,0.048,0.992
-0.192,0.044,0.991
-0.188,0.046,0.992
-0.175,0.043,0.999
-0.168,0.046,0.995
-0.163,0.044,1.000
-0.158,0.042,0.999
-0.150,0.042,1.001
-0.134,0.035,1.001
-0.124,0.032,1.001
-0.107,0.035,1.005
-0.107,0.040,1.001
-0.109,0.038,1.002
-0.103,0.035,1.001
-0.087,0.034,1.001
-0.059,0.026,1.005
-0.049,0.026,1.005
-0.041,0.026,1.006
-0.036,0.030,1.007
-0.035,0.023,1.006
-0.031,0.027,1.009
-0.019,0.022,1.009
-0.011,0.018,1.011
-0.006,0.021,1.005
-0.002,0.021,1.005
0.007,0.018,1.005
0.034,0.017,1.012
0.032,0.026,1.002
0.037,0.009,1.003
0.047,0.018,1.000
0.063,0.013,1.001
0.072,0.008,1.000
0.075,0.007,1.001
0.081,0.017,1.000
0.079,0.004,0.998
0.091,0.010,0.999
0.098,0.004,0.997
0.113,0.007,1.000
0.129,-0.001,0.998
0.146,-0.000,0.998
0.137,-0.000,1.002
0.131,0.009,1.000
0.138,-0.001,0.995
0.149,-0.002,0.989
0.169,-0.001,0.985
0.182,-0.005,0.983
0.195,-0.014,0.982
0.196,-0.001,0.981
0.195,-0.005,0.975
0.203,-0.007,0.982
0.213,-0.013,0.980
0.223,-0.008,0.972
0.218,-0.016,0.973
0.229,-0.010,0.975
0.242,-0.014,0.970
0.251,-0.016,0.966
0.265,-0.019,0.966
0.266,-0.020,0.965
0.271,-0.017,0.963
0.285,-0.021,0.959
0.291,-0.022,0.956
0.298,-0.024,0.956
0.302,-0.022,0.950
0.301,-0.023,0.949
0.310,-0.028,0.946
0.322,-0.026,0.939
0.341,-0.029,0.935
0.345,-0.030,0.934
0.352,-0.037,0.930
0.354,-0.035,0.931
0.362,-0.030,0.935
0.353,-0.030,0.937
0.346,-0.032,0.937
0.359,-0.032,0.927
0.381,-0.038,0.918
0.399,-0.042,0.908
0.401,-0.041,0.909
0.397,-0.038,0.909
0.401,-0.039,0.904
0.420,-0.042,0.900
0.421,-0.043,0.901
0.417,-0.043,0.899
0.427,-0.048,0.895
0.437,-0.052,0.890
0.445,-0.047,0.884
0.453,-0.050,0.880
0.456,-0.053,0.870
0.469,-0.052,0.868
0.477,-0.051,0.863
0.487,-0.058,0.860
0.530,-0.057,0.855
0.501,-0.058,0.853
0.502,-0.057,0.856
0.502,-0.057,0.854
0.500,-0.064,0.851
0.521,-0.061,0.836
0.532,-0.062,0.830
0.540,-0.061,0.822
0.540,-0.068,0.818
0.551,-0.065,0.809
0.565,-0.067,0.803
0.571,-0.073,0.798
0.572,-0.073,0.803
0.574,-0.071,0.801
0.585,-0.069,0.794
0.588,-0.083,0.790
0.591,-0.070,0.784
0.598,-0.076,0.781
0.604,-0.080,0.766
0.617,-0.083,0.758
0.628,-0.081,0.751
0.633,-0.081,0.746
0.627,-0.089,0.743
0.645,-0.081,0.733
0.651,-0.088,0.725
0.662,-0.093,0.711
0.668,-0.083,0.730
0.668,-0.096,0.728
0.684,-0.092,0.709
0.684,-0.091,0.693
0.694,-0.091,0.682
0.700,-0.103,0.688
0.707,-0.094,0.673
0.717,-0.095,0.662
0.723,-0.104,0.653
0.727,-0.102,0.645
0.734,-0.103,0.637
0.743,-0.105,0.630
0.747,-0.107,0.627
0.752,-0.107,0.618
0.756,-0.105,0.614
0.763,-0.111,0.608
0.765,-0.110,0.602
0.770,-0.112,0.595
0.772,-0.113,0.593
0.784,-0.116,0.582
0.785,-0.116,0.571
0.788,-0.118,0.567
0.791,-0.115,0.561
0.791,-0.119,0.552
0.801,-0.118,0.544
0.807,-0.118,0.537
0.811,-0.124,0.531
0.806,-0.124,0.533
0.807,-0.119,0.529
0.818,-0.125,0.525
0.827,-0.126,0.508
0.826,-0.125,0.497
0.833,-0.126,0.489
0.836,-0.127,0.486
0.841,-0.129,0.480
0.848,-0.133,0.472
0.848,-0.134,0.465
0.853,-0.127,0.458
0.851,-0.134,0.457
0.858,-0.130,0.451
0.867,-0.135,0.436
0.867,-0.136,0.428
0.873,-0.138,0.417
0.875,-0.135,0.411
0.875,-0.141,0.406
0.880,-0.141,0.407
0.880,-0.140,0.401
0.880,-0.142,0.394
0.888,-0.143,0.379
0.886,-0.141,0.368
0.891,-0.141,0.359
0.895,-0.146,0.350
0.899,-0.145,0.343
0.902,-0.145,0.339
0.907,-0.149,0.326
0.909,-0.145,0.315
0.910,-0.151,0.314
0.911,-0.145,0.318
0.915,-0.151,0.312
0.920,-0.154,0.291
0.921,-0.149,0.276
0.922,-0.154,0.266
0.927,-0.148,0.256
0.925,-0.155,0.259
0.926,-0.151,0.260
0.932,-0.157,0.252
0.932,-0.154,0.225
0.938,-0.153,0.220
0.938,-0.163,0.202
0.940,-0.157,0.200
0.942,-0.160,0.187
0.945,-0.159,0.187
0.941,-0.159,0.179
0.948,-0.158,0.168
0.950,-0.162,0.152
0.951,-0.165,0.147
0.952,-0.160,0.139
0.949,-0.165,0.133
0.955,-0.165,0.127
0.954,-0.167,0.110
0.952,-0.165,0.100
0.954,-0.167,0.091
0.959,-0.163,0.080
0.956,-0.168,0.082
0.959,-0.170,0.075
0.961,-0.166,0.073
0.956,-0.171,0.049
0.961,-0.168,0.044
0.959,-0.173,0.030
0.959,-0.169,0.037
0.961,-0.169,0.039
0.958,-0.171,0.022
0.958,-0.173,0.015
0.960,-0.170,0.007
0.959,-0.172,0.017
0.963,-0.172,0.002
0.955,-0.172,-0.003
0.959,-0.175,-0.016
0.957,-0.172,-0.032
0.958,-0.172,-0.041
0.956,-0.172,-0.046
0.959,-0.170,-0.047
0.960,-0.175,-0.060
0.956,-0.172,-0.069
0.955,-0.178,-0.073
0.957,-0.176,-0.077
0.954,-0.176,-0.083
0.953,-0.177,-0.089
0.954,-0.177,-0.096
0.957,-0.176,-0.101
0.955,-0.178,-0.100
0.955,-0.176,-0.106
0.953,-0.175,-0.114
0.951,-0.175,-0.121
0.950,-0.177,-0.125
0.949,-0.176,-0.127
0.951,-0.182,-0.134
0.951,-0.180,-0.139
0.946,-0.181,-0.152
0.946,-0.171,-0.161
0.947,-0.169,-0.166
0.946,-0.172,-0.164
0.944,-0.180,-0.173
0.946,-0.179,-0.169
0.947,-0.181,-0.172
0.938,-0.178,-0.196
0.940,-0.177,-0.183
0.943,-0.191,-0.188
0.939,-0.179,-0.180
0.937,-0.190,-0.178
0.939,-0.188,-0.178
0.942,-0.184,-0.180
0.937,-0.194,-0.182
0.935,-0.204,-0.190
0.938,-0.211,-0.182
0.933,-0.220,-0.188
0.935,-0.230,-0.173
0.931,-0.245,-0.180
0.926,-0.244,-0.179
0.922,-0.254,-0.180
0.920,-0.279,-0.181
0.915,-0.287,-0.195
0.912,-0.294,-0.187
0.911,-0.312,-0.176
0.908,-0.322,-0.177
0.901,-0.333,-0.188
0.899,-0.345,-0.173
0.895,-0.360,-0.178
0.889,-0.381,-0.180
0.884,-0.391,-0.177
0.873,-0.404,-0.173
0.868,-0.414,-0.176
0.857,-0.420,-0.174
0.857,-0.425,-0.176
0.861,-0.444,-0.169
0.862,-0.443,-0.170
0.858,-0.437,-0.174
0.859,-0.443,-0.173
0.858,-0.444,-0.165
0.852,-0.448,-0.174
0.857,-0.450,-0.174
0.852,-0.460,-0.169
0.851,-0.466,-0.183
0.845,-0.467,-0.165
0.844,-0.479,-0.173
0.836,-0.487,-0.169
0.826,-0.498,-0.163
0.822,-0.510,-0.169
0.814,-0.526,-0.167
0.806,-0.537,-0.153
0.793,-0.563,-0.158
0.781,-0.578,-0.158
0.766,-0.594,-0.150
0.757,-0.612,-0.145
0.745,-0.655,-0.152
0.724,-0.642,-0.148
0.717,-0.658,-0.137
0.701,-0.671,-0.134
0.691,-0.683,-0.131
0.683,-0.697,-0.130
0.670,-0.706,-0.132
0.657,-0.716,-0.132
0.651,-0.735,-0.132
0.639,-0.741,-0.120
0.631,-0.747,-0.128
0.620,-0.761,-0.127
0.609,-0.766,-0.116
0.591,-0.774,-0.120
0.581,-0.798,-0.111
0.570,-0.799,-0.109
0.551,-0.811,-0.124
0.542,-0.820,-0.105
0.523,-0.838,-0.106
0.502,-0.843,-0.101
0.487,-0.849,-0.100
0.475,-0.865,-0.096
0.466,-0.876,-0.092
0.448,-0.879,-0.084
0.429,-0.889,-0.082
0.415,-0.901,-0.088
0.400,-0.914,-0.071
0.367,-0.915,-0.077
0.349,-0.932,-0.071
0.328,-0.935,-0.054
0.309,-0.940,-0.056
0.290,-0.952,-0.053
0.268,-0.960,-0.048
0.248,-0.963,-0.046
0.219,-0.965,-0.036
0.210,-0.967,-0.038
0.191,-0.977,-0.027
0.181,-0.972,-0.029
0.168,-0.982,-0.029
0.161,-0.991,-0.016
0.140,-0.979,-0.019
0.131,-0.986,-0.025
0.119,-0.993,-0.019
0.108,-0.996,-0.014
0.095,-0.998,-0.010
0.083,-1.000,-0.004
0.069,-1.000,0.004
0.055,-1.001,0.003
0.047,-1.001,0.002
0.035,-1.002,0.007
0.024,-1.004,0.008
0.018,-0.998,0.015
0.001,-1.000,0.004
-0.007,-0.999,0.003
-0.026,-0.996,0.021
-0.056,-0.999,0.024
-0.073,-0.999,0.030
-0.084,-0.998,0.035
-0.102,-0.999,0.035
-0.126,-1.000,0.040
-0.141,-1.000,0.045
-0.158,-0.990,0.036
-0.171,-0.986,0.038
-0.183,-0.983,0.048
-0.205,-0.983,0.054
-0.203,-0.992,0.054
-0.224,-0.978,0.072
-0.233,-0.978,0.068
-0.247,-0.974,0.067
-0.266,-0.972,0.064
-0.276,-0.973,0.066
-0.289,-0.966,0.079
-0.312,-0.959,0.080
-0.328,-0.944,0.086
-0.350,-0.946,0.096
-0.365,-0.936,0.096
-0.385,-0.929,0.093
-0.404,-0.916,0.098
-0.415,-0.907,0.107
-0.434,-0.906,0.108
-0.436,-0.903,0.112
-0.442,-0.901,0.112
-0.454,-0.900,0.118
-0.460,-0.896,0.122
-0.468,-0.895,0.118
-0.481,-0.889,0.128
-0.493,-0.877,0.120
-0.505,-0.866,0.133
-0.516,-0.863,0.134
-0.529,-0.858,0.139
-0.537,-0.851,0.140
-0.555,-0.839,0.145
-0.567,-0.829,0.142
-0.582,-0.826,0.139
-0.603,-0.812,0.147
-0.605,-0.795,0.152
-0.624,-0.786,0.155
-0.652,-0.766,0.163
-0.652,-0.754,0.161
-0.670,-0.742,0.162
-0.682,-0.741,0.164
-0.695,-0.716,0.168
-0.710,-0.713,0.174
-0.721,-0.697,0.177
-0.731,-0.689,0.176
-0.740,-0.680,0.177
-0.754,-0.667,0.170
-0.772,-0.642,0.182
-0.778,-0.637,0.190
-0.787,-0.623,0.199
-0.795,-0.606,0.204
-0.813,-0.583,0.201
-0.823,-0.566,0.208
-0.840,-0.547,0.180
-0.856,-0.525,0.196
-0.861,-0.505,0.201
-0.884,-0.478,0.206
-0.889,-0.456,0.218
-0.901,-0.434,0.218
-0.918,-0.408,0.219
-0.923,-0.374,0.225
-0.939,-0.337,0.227
-0.950,-0.302,0.229
-0.958,-0.259,0.240
-0.971,-0.220,0.236
-0.969,-0.177,0.234
-0.993,-0.126,0.233
-0.982,-0.056,0.243
-0.986,-0.018,0.233
-0.993,0.036,0.249
-0.974,0.057,0.247
-0.995,0.113,0.241
-0.986,0.145,0.236
-0.962,0.149,0.222
-0.974,0.218,0.211
-0.962,0.238,0.228
-0.951,0.269,0.244
-0.944,0.294,0.243
-0.923,0.326,0.238
-0.915,0.372,0.228
-0.905,0.384,0.229
-0.875,0.441,0.223
-0.861,0.470,0.229
-0.849,0.499,0.221
-0.820,0.542,0.209
-0.808,0.568,0.195
-0.775,0.607,0.201
-0.755,0.636,0.186
-0.721,0.675,0.183
-0.704,0.699,0.180
-0.657,0.736,0.170
-0.633,0.759,0.163
-0.593,0.790,0.164
-0.557,0.819,0.151
-0.527,0.845,0.148
-0.480,0.868,0.147
-0.447,0.882,0.141
-0.390,0.913,0.139
-0.353,0.923,0.132
-0.281,0.951,0.123
-0.241,0.965,0.118
-0.214,0.970,0.106
-0.142,0.986,0.097
-0.106,0.991,0.094
-0.050,0.992,0.085
-0.001,1.001,0.078
0.049,0.999,0.055
0.094,0.993,0.048
0.146,0.990,0.038
0.179,0.984,0.026
0.235,0.967,0.014
0.277,0.958,0.007
0.318,0.943,-0.010
0.377,0.925,-0.025
0.410,0.910,-0.027
0.464,0.894,-0.037
0.485,0.871,-0.043
0.520,0.845,-0.057
0.547,0.835,-0.056
0.578,0.812,-0.060
0.605,0.791,-0.069
0.627,0.773,-0.068
0.652,0.752,-0.077
0.666,0.736,-0.078
0.684,0.717,-0.084
0.697,0.707,-0.084
0.707,0.693,-0.094
0.713,0.684,-0.099
0.720,0.677,-0.099
0.725,0.669,-0.096
0.728,0.670,-0.091
0.749,0.641,-0.102
0.734,0.598,-0.094
0.719,0.598,-0.102
0.758,0.623,-0.080
0.753,0.625,-0.092
0.746,0.614,-0.109
0.751,0.623,-0.110
0.765,0.611,-0.109
0.756,0.591,-0.118
0.772,0.577,-0.117
0.777,0.578,-0.111
0.775,0.573,-0.110
0.783,0.570,-0.120
0.786,0.560,-0.125
0.794,0.550,-0.132
0.797,0.547,-0.127
0.804,0.536,-0.120
0.808,0.529,-0.118
0.816,0.519,-0.122
0.818,0.510,-0.127
0.823,0.501,-0.131
0.830,0.493,-0.133
0.830,0.489,-0.135
0.837,0.479,-0.136
0.839,0.475,-0.138
0.848,0.460,-0.139
0.848,0.458,-0.139
0.852,0.452,-0.136
0.857,0.439,-0.136
0.862,0.433,-0.137
0.864,0.426,-0.140
0.865,0.420,-0.140
0.874,0.408,-0.142
0.872,0.403,-0.145
0.878,0.393,-0.146
0.877,0.390,-0.147
0.882,0.384,-0.149
0.885,0.381,-0.149
0.887,0.372,-0.148
0.896,0.357,-0.148
0.894,0.352,-0.142
0.897,0.346,-0.146
0.896,0.341,-0.154
0.899,0.330,-0.160
0.905,0.325,-0.152
0.909,0.316,-0.143
0.908,0.308,-0.149
0.915,0.301,-0.155
0.912,0.292,-0.159
0.920,0.285,-0.153
0.920,0.285,-0.143
0.922,0.277,-0.155
0.922,0.266,-0.166
0.925,0.254,-0.164
0.927,0.250,-0.155
0.932,0.236,-0.152
0.932,0.235,-0.155
0.933,0.230,-0.154
0.932,0.226,-0.157
0.932,0.216,-0.172
0.936,0.208,-0.164
0.939,0.203,-0.165
0.938,0.195,-0.165
0.937,0.196,-0.172
0.939,0.192,-0.170
0.941,0.187,-0.169
0.942,0.172,-0.176
0.943,0.170,-0.178
0.945,0.159,-0.172
0.946,0.161,-0.168
0.946,0.153,-0.165
0.946,0.147,-0.174
0.943,0.146,-0.185
0.943,0.143,-0.187
0.947,0.137,-0.178
0.950,0.122,-0.168
0.953,0.118,-0.173
0.953,0.114,-0.176
0.950,0.115,-0.175
0.952,0.110,-0.163
0.959,0.091,-0.162
0.955,0.080,-0.165
0.956,0.073,-0.171
0.955,0.066,-0.168
0.958,0.066,-0.168
0.957,0.058,-0.161
0.962,0.050,-0.152
0.952,0.037,-0.149
0.967,0.051,-0.159
0.964,0.039,-0.143
0.958,0.036,-0.151
0.967,0.011,-0.137
0.963,0.012,-0.129
0.959,0.011,-0.145
0.961,0.014,-0.153
0.962,0.002,-0.144
0.966,0.001,-0.115
0.971,-0.000,-0.110
0.954,0.000,-0.133
0.956,0.007,-0.147
0.972,-0.023,-0.102
0.961,-0.010,-0.105
0.968,-0.013,-0.137
0.966,-0.005,-0.140
0.967,-0.012,-0.126
0.965,-0.029,-0.131
0.965,-0.035,-0.149
0.968,-0.044,-0.127
0.965,-0.044,-0.144
0.962,-0.044,-0.133
0.958,-0.081,-0.158
0.963,-0.086,-0.119
0.954,-0.075,-0.160
0.954,-0.087,-0.152
0.966,-0.116,-0.138
0.954,-0.127,-0.153
0.955,-0.136,-0.161
0.954,-0.149,-0.143
0.947,-0.153,-0.162
0.948,-0.149,-0.158
0.957,-0.160,-0.155
0.943,-0.193,-0.153
0.952,-0.152,-0.154
0.951,-0.169,-0.150
0.952,-0.154,-0.149
0.948,-0.161,-0.143
0.953,-0.163,-0.125
0.951,-0.157,-0.142
0.951,-0.166,-0.136
0.948,-0.163,-0.144
0.953,-0.162,-0.134
0.954,-0.165,-0.135
0.948,-0.163,-0.154
0.949,-0.156,-0.137
0.950,-0.161,-0.144
0.924,-0.153,-0.147
0.937,-0.153,-0.148
0.962,-0.171,-0.173
0.958,-0.157,-0.185
0.944,-0.172,-0.161
0.943,-0.172,-0.155
0.952,-0.166,-0.177
0.948,-0.172,-0.167
0.945,-0.184,-0.161
0.943,-0.191,-0.150
0.946,-0.191,-0.135
0.946,-0.185,-0.141
0.950,-0.204,-0.136
0.945,-0.214,-0.133
0.942,-0.220,-0.128
0.943,-0.229,-0.117
0.934,-0.241,-0.121
0.938,-0.269,-0.124
0.931,-0.294,-0.121
0.925,-0.315,-0.122
0.911,-0.352,-0.116
0.900,-0.373,-0.112
0.887,-0.425,-0.124
0.872,-0.439,-0.117
0.854,-0.473,-0.102
0.824,-0.515,-0.108
0.808,-0.533,-0.102
0.786,-0.572,-0.100
0.775,-0.596,-0.100
0.763,-0.610,-0.085
0.737,-0.648,-0.088
0.720,-0.658,-0.086
0.699,-0.690,-0.081
0.695,-0.692,-0.077
0.677,-0.712,-0.075
0.657,-0.731,-0.076
0.634,-0.758,-0.075
0.614,-0.769,-0.074
0.588,-0.799,-0.071
0.574,-0.761,-0.025
0.536,-0.847,-0.065
0.510,-0.842,-0.050
0.483,-0.860,-0.055
0.455,-0.884,-0.059
0.433,-0.896,-0.043
0.402,-0.918,-0.045
0.369,-0.920,-0.039
0.333,-0.935,-0.021
0.304,-0.952,-0.020
0.255,-0.964,-0.010
0.224,-0.961,0.001
0.208,-0.967,0.013
0.183,-0.984,0.009
0.167,-0.992,0.005
0.143,-0.991,0.011
0.130,-0.985,0.005
0.115,-0.991,0.034
0.091,-0.992,0.025
0.084,-0.997,0.045
0.060,-1.015,0.034
0.029,-1.002,0.032
0.021,-0.996,0.026
-0.002,-0.990,0.033
-0.047,-0.994,0.052
-0.089,-0.998,0.068
-0.108,-0.984,0.069
-0.129,-0.997,0.085
-0.171,-1.001,0.076
-0.196,-0.975,0.073
-0.236,-0.965,0.087
-0.263,-0.979,0.083
-0.286,-0.971,0.092
-0.321,-0.953,0.086
-0.339,-0.947,0.126
-0.371,-0.927,0.121
-0.401,-0.920,0.130
-0.432,-0.912,0.119
-0.454,-0.885,0.141
-0.486,-0.877,0.141
-0.502,-0.868,0.141
-0.528,-0.853,0.155
-0.547,-0.837,0.159
-0.573,-0.829,0.169
-0.592,-0.809,0.167
-0.630,-0.780,0.172
-0.514,-0.767,0.127
-0.686,-0.707,0.182
-0.700,-0.702,0.185
-0.714,-0.705,0.202
-0.719,-0.675,0.197
-0.757,-0.669,0.204
-0.775,-0.633,0.201
-0.797,-0.608,0.221
-0.814,-0.565,0.200
-0.829,-0.561,0.222
-0.838,-0.533,0.217
-0.854,-0.527,0.235
-0.864,-0.501,0.225
-0.876,-0.470,0.235
-0.889,-0.447,0.224
-0.899,-0.422,0.228
-0.908,-0.406,0.239
-0.913,-0.395,0.235
-0.922,-0.381,0.233
-0.928,-0.361,0.231
-0.937,-0.346,0.228
-0.940,-0.321,0.241
-0.945,-0.322,0.229
-0.943,-0.308,0.248
-0.952,-0.289,0.224
-0.957,-0.284,0.231
-0.957,-0.276,0.245
-0.962,-0.262,0.238
-0.960,-0.250,0.240
-0.967,-0.257,0.249
-0.961,-0.260,0.239
-0.963,-0.240,0.237
-0.973,-0.238,0.236
-0.972,-0.217,0.231
-0.966,-0.237,0.238
-0.981,-0.214,0.217
-0.979,-0.210,0.226
-0.979,-0.205,0.238
-0.980,-0.188,0.216
-0.981,-0.191,0.231
-0.972,-0.204,0.253
-0.978,-0.198,0.219
-0.978,-0.185,0.240
-0.989,-0.186,0.217
-0.976,-0.184,0.246
-0.980,-0.180,0.249
-0.982,-0.182,0.242
-0.978,-0.172,0.255
-0.984,-0.168,0.236
-0.983,-0.170,0.242
-0.979,-0.170,0.250
-0.982,-0.150,0.241
-0.981,-0.140,0.264
-0.984,-0.146,0.244
-0.984,-0.135,0.263
-0.986,-0.160,0.275
-0.981,-0.141,0.242
-0.993,-0.127,0.257
-0.994,-0.128,0.238
-0.972,-0.110,0.239
-0.993,-0.110,0.251
-1.004,-0.078,0.211
-1.007,-0.049,0.188
-0.994,-0.053,0.199
-1.002,-0.023,0.206
-1.008,-0.014,0.192
-0.996,-0.024,0.233
-1.000,-0.017,0.227
-1.003,-0.014,0.209
-0.999,-0.004,0.225
-0.998,0.043,0.248
-0.990,0.058,0.237
-0.998,0.065,0.222
-0.995,0.061,0.231
-0.999,0.066,0.253
-0.990,0.054,0.258
-0.987,0.057,0.258
-0.995,0.038,0.259
-0.985,0.045,0.259
-0.984,0.045,0.252
-0.999,0.050,0.251
-0.980,0.053,0.247
-1.000,0.079,0.228
-0.990,0.059,0.250
-0.988,0.080,0.249
-0.987,0.096,0.268
-0.989,0.109,0.230
-0.981,0.108,0.234
-0.981,0.138,0.258
-0.975,0.145,0.263
-0.982,0.156,0.278
-0.973,0.172,0.254
-0.974,0.198,0.222
-0.975,0.205,0.228
-0.969,0.225,0.234
-0.958,0.254,0.249
-0.958,0.267,0.243
-0.955,0.277,0.227
-0.951,0.295,0.222
-0.945,0.321,0.223
-0.943,0.317,0.236
-0.931,0.347,0.235
-0.923,0.348,0.235
-0.920,0.351,0.224
-0.909,0.390,0.226
-0.907,0.388,0.218
-0.887,0.429,0.232
-0.885,0.438,0.230
-0.866,0.484,0.213
-0.864,0.494,0.193
-0.847,0.529,0.207
-0.841,0.543,0.204
-0.819,0.566,0.189
-0.806,0.584,0.193
-0.795,0.612,0.185
-0.784,0.645,0.186
-0.771,0.648,0.208
-0.750,0.663,0.193
-0.745,0.669,0.189
-0.730,0.675,0.189
-0.721,0.690,0.183
-0.715,0.698,0.173
-0.701,0.711,0.166
-0.689,0.718,0.172
-0.674,0.739,0.171
-0.664,0.744,0.164
-0.651,0.765,0.156
-0.635,0.771,0.154
-0.619,0.786,0.156
-0.614,0.799,0.157
-0.587,0.794,0.160
-0.591,0.814,0.154
-0.567,0.820,0.167
-0.548,0.835,0.166
-0.542,0.840,0.152
-0.522,0.841,0.139
-0.514,0.851,0.133
-0.491,0.861,0.151
-0.480,0.870,0.141
-0.466,0.880,0.130
-0.445,0.889,0.132
-0.428,0.904,0.128
-0.406,0.910,0.123
-0.392,0.917,0.121
-0.352,0.928,0.105
-0.374,0.984,0.120
-0.327,0.955,0.118
-0.312,0.942,0.100
-0.301,0.957,0.082
-0.278,0.957,0.088
-0.260,0.958,0.087
-0.239,0.981,0.082
-0.225,0.975,0.087
-0.193,0.980,0.063
-0.183,0.979,0.061
-0.157,0.975,0.063
-0.141,0.988,0.054
-0.122,0.987,0.052
-0.097,0.991,0.051
-0.071,0.999,0.057
-0.050,1.006,0.053
-0.038,1.007,0.041
-0.013,1.002,0.038
0.018,0.996,0.033
0.027,0.993,0.030
0.054,0.996,0.028
0.068,0.998,0.021
0.087,0.995,0.023
0.102,0.997,0.024
0.121,0.985,0.014
0.137,0.970,0.013
0.162,0.972,0.010
0.172,0.978,0.002
0.189,0.974,0.001
0.207,0.974,-0.003
0.227,0.958,-0.002
0.255,0.949,-0.006
0.277,0.942,-0.017
0.315,0.937,-0.019
0.317,0.931,-0.021
0.336,0.954,-0.019
0.356,0.957,-0.024
0.365,0.918,-0.035
0.386,0.906,-0.045
0.406,0.898,-0.035
0.415,0.879,-0.041
0.430,0.884,-0.041
0.448,0.882,-0.051
0.458,0.871,-0.052
0.469,0.862,-0.052
0.490,0.856,-0.049
0.508,0.844,-0.056
0.513,0.836,-0.062
0.527,0.826,-0.069
0.539,0.807,-0.080
0.552,0.804,-0.070
0.568,0.801,-0.068
0.583,0.787,-0.065
0.598,0.777,-0.076
0.605,0.766,-0.077
0.618,0.751,-0.082
0.630,0.745,-0.088
0.632,0.749,-0.096
0.658,0.720,-0.082
0.669,0.711,-0.069
0.686,0.696,-0.082
0.688,0.684,-0.096
0.703,0.675,-0.106
0.712,0.675,-0.099
0.713,0.663,-0.097
0.728,0.651,-0.102
0.738,0.640,-0.105
0.741,0.626,-0.103
0.750,0.614,-0.104
0.763,0.597,-0.106
0.756,0.601,-0.115
0.768,0.593,-0.121
0.779,0.571,-0.121
0.783,0.563,-0.119
0.790,0.552,-0.123
0.809,0.533,-0.117
0.807,0.533,-0.115
0.813,0.529,-0.121
0.819,0.522,-0.134
0.824,0.508,-0.140
0.829,0.502,-0.136
0.841,0.479,-0.132
0.839,0.480,-0.133
0.840,0.475,-0.137
0.846,0.468,-0.145
0.846,0.466,-0.138
0.853,0.446,-0.129
0.858,0.442,-0.141
0.856,0.442,-0.141
0.856,0.433,-0.140
0.864,0.425,-0.140
0.869,0.417,-0.156
0.852,0.442,-0.151
0.880,0.410,-0.138
0.870,0.423,-0.123
0.875,0.406,-0.143
0.870,0.412,-0.151
0.879,0.395,-0.147
0.872,0.403,-0.147
0.874,0.396,-0.149
0.881,0.396,-0.151
0.872,0.397,-0.147
0.882,0.383,-0.135
0.880,0.376,-0.134
0.876,0.382,-0.142
0.884,0.376,-0.139
0.887,0.368,-0.146
0.887,0.373,-0.135
0.889,0.376,-0.141
0.895,0.379,-0.140
0.891,0.374,-0.130
0.884,0.376,-0.144
0.895,0.358,-0.154
0.894,0.331,-0.136
0.899,0.347,-0.136
0.899,0.352,-0.120
0.887,0.328,-0.156
0.908,0.337,-0.143
0.898,0.340,-0.120
0.906,0.344,-0.126
0.911,0.348,-0.104
0.901,0.336,-0.158
0.890,0.342,-0.170
0.908,0.328,-0.150
0.902,0.327,-0.128
0.906,0.329,-0.136
0.901,0.331,-0.138
0.901,0.328,-0.151
0.905,0.334,-0.134
0.905,0.331,-0.134
0.903,0.332,-0.148
0.897,0.332,-0.153
0.902,0.333,-0.154
0.900,0.325,-0.148
0.906,0.314,-0.142
0.909,0.312,-0.135
0.918,0.310,-0.131
0.905,0.312,-0.127
0.908,0.309,-0.145
0.914,0.301,-0.139
0.919,0.298,-0.131
0.919,0.290,-0.124
0.921,0.283,-0.130
0.922,0.292,-0.150
0.912,0.288,-0.137
0.928,0.276,-0.123
0.925,0.266,-0.115
0.922,0.264,-0.138
0.930,0.264,-0.127
0.927,0.256,-0.135
0.928,0.260,-0.128
0.933,0.254,-0.125
0.923,0.264,-0.140
0.930,0.263,-0.123
0.924,0.260,-0.143
0.926,0.239,-0.141
0.931,0.243,-0.135
0.932,0.244,-0.129
0.932,0.235,-0.133
0.931,0.240,-0.131
0.935,0.234,-0.132
0.940,0.240,-0.117
0.932,0.240,-0.130
0.929,0.240,-0.146
0.939,0.237,-0.138
0.931,0.224,-0.135
0.933,0.228,-0.143
0.937,0.228,-0.122
0.936,0.233,-0.122
0.939,0.224,-0.137
0.933,0.222,-0.143
0.934,0.221,-0.139
0.935,0.242,-0.124
0.938,0.234,-0.130
0.934,0.225,-0.140
0.934,0.217,-0.137
0.936,0.229,-0.132
0.932,0.239,-0.130
0.937,0.223,-0.129
0.940,0.210,-0.122
0.939,0.211,-0.131
0.938,0.217,-0.114
0.938,0.231,-0.125
0.938,0.219,-0.131
0.943,0.215,-0.126
0.942,0.206,-0.121
0.936,0.203,-0.130
0.943,0.197,-0.133
0.944,0.207,-0.127
0.941,0.215,-0.141
0.943,0.206,-0.137
0.942,0.204,-0.127
0.942,0.205,-0.133
0.942,0.202,-0.139
0.945,0.195,-0.144
0.937,0.194,-0.127
0.944,0.197,-0.143
0.938,0.206,-0.142
0.944,0.203,-0.137
0.943,0.199,-0.127
0.945,0.192,-0.129
0.946,0.188,-0.126
0.945,0.192,-0.128
0.943,0.192,-0.156
0.943,0.196,-0.123
0.946,0.192,-0.125
0.944,0.188,-0.126
0.943,0.183,-0.132
0.946,0.185,-0.127
0.946,0.181,-0.121
0.947,0.173,-0.117
0.949,0.187,-0.125
0.950,0.180,-0.109
0.950,0.179,-0.113
0.951,0.167,-0.118
0.944,0.182,-0.118
0.950,0.172,-0.129
0.948,0.173,-0.120
0.955,0.168,-0.039
0.944,0.168,-0.112
0.950,0.177,-0.121
0.953,0.173,-0.136
0.935,0.175,-0.128
0.959,0.177,-0.122
0.955,0.156,-0.125
0.952,0.156,-0.119
0.905,0.188,-0.120
0.953,0.177,-0.142
0.948,0.145,-0.148
0.951,0.139,-0.139
0.960,0.147,-0.117
0.966,0.137,-0.126
0.937,0.153,-0.125
0.955,0.190,-0.110
0.941,0.192,-0.132
0.943,0.209,-0.132
0.956,0.170,-0.128
0.945,0.215,-0.108
0.938,0.141,-0.123
0.947,0.212,-0.136
